date,Portfolio 1_drawdown_pct,benchmark_drawdown_pct
2004-12-31,0.0,0.0
2005-01-31,-3.5614936407361464,-2.2420679409821953
2005-02-28,-2.3302448238359252,-0.19857567694913092
2005-03-31,-3.8952586981185866,-2.024194090792697
2005-04-30,-5.090267400774695,-3.859821736515656
2005-05-31,-2.59153039760045,-0.7617493181327428
2005-06-30,-2.2162796971833654,-0.6113769793840595
2005-07-31,0.0,0.0
2005-08-31,-0.12961332735548226,-0.9374513033059695
2005-09-30,0.0,-0.1424674333280973
2005-10-31,-1.474736685588407,-2.5041670092527
2005-11-30,0.0,0.0
2005-12-31,0.0,-0.19139160821409762
2006-01-31,0.0,0.0
2006-02-28,-0.8147787181399746,0.0
2006-03-31,0.0,0.0
2006-04-30,0.0,0.0
2006-05-31,-3.4827048934778393,-3.012100169439569
2006-06-30,-4.755260099770576,-2.7591066513094398
2006-07-31,-4.797685671319341,-2.323642978712259
2006-08-31,-3.037339282874618,-0.19207473287949917
2006-09-30,-2.102140080704029,0.0
2006-10-31,0.0,0.0
2006-11-30,0.0,0.0
2006-12-31,-0.8397989281372142,0.0
2007-01-31,0.0,0.0
2007-02-28,-0.12322853967067227,-1.9617680394044323
2007-03-31,0.0,-0.8255930036703552
2007-04-30,0.0,0.0
2007-05-31,0.0,0.0
2007-06-30,-0.9229452241658387,-1.4620775970849431
2007-07-31,-0.9707275874294874,-4.547343250748826
2007-08-31,0.0,-3.3224204201288465
2007-09-30,0.0,0.0
2007-10-31,0.0,0.0
2007-11-30,-3.281253895248315,-3.8732404908678575
2007-12-31,-1.6949548730144537,-4.955741108654809
2008-01-31,-3.457281384496702,-10.702193820849226
2008-02-29,-3.9704654822544705,-13.009872684708911
2008-03-31,-5.2885592382240665,-13.787744624661602
2008-04-30,-3.0767970143391388,-9.678697166855809
2008-05-31,-0.8165314716672256,-8.31336187721452
2008-06-30,-4.706639629696474,-15.976127416810781
2008-07-31,-5.1242049426627245,-16.731146983720024
2008-08-31,-6.770956780705406,-15.444332782077286
2008-09-30,-12.624317636125493,-23.40723590242886
2008-10-31,-25.315882037468796,-36.05935266788921
2008-11-30,-26.0473987598275,-40.510078613695114
2008-12-31,-23.2279511675906,-39.927266508733226
2009-01-31,-24.66912650745825,-44.860106503756114
2009-02-28,-28.015883678025045,-50.784793103513096
2009-03-31,-24.298224412567848,-46.684651247511866
2009-04-30,-20.04088900903218,-41.387994092919186
2009-05-31,-15.580503044686967,-37.96190672346476
2009-06-30,-16.21785075392106,-38.002542448352536
2009-07-31,-11.553762446203352,-33.377172011176604
2009-08-31,-10.1017877038168,-30.916176144865904
2009-09-30,-5.947502928556503,-28.46664127978299
2009-10-31,-6.314013385301065,-29.84189876064517
2009-11-30,0.0,-25.519687820708683
2009-12-31,-0.4674423805917538,-24.097047524928506
2010-01-31,-3.6242461893426725,-26.855528091394408
2010-02-28,-0.41239831539077176,-24.573827961180438
2010-03-31,0.0,-19.981886604742392
2010-04-30,0.0,-18.74400099096575
2010-05-31,-3.3926414621772594,-25.200165411631293
2010-06-30,-5.647002919746969,-29.07039094895625
2010-07-31,-3.0132862469038013,-24.225834085505017
2010-08-31,-3.8288977082723386,-27.634200769586002
2010-09-30,0.0,-21.153498944104744
2010-10-31,0.0,-18.14146287356263
2010-11-30,0.0,-18.14146287356263
2010-12-31,0.0,-12.668981009065217
2011-01-31,-0.36871850166894093,-10.634151959368133
2011-02-28,0.0,-7.529815140177543
2011-03-31,0.0,-7.5186953230689575
2011-04-30,0.0,-4.84030946931453
2011-05-31,-0.9889983359358201,-5.907498579385894
2011-06-30,-2.8641853796941397,-7.494770657079519
2011-07-31,-0.20100162409751876,-9.345332430657615
2011-08-31,0.0,-14.329127229438022
2011-09-30,-6.5248758225084575,-20.276453832531637
2011-10-31,0.0,-11.574866205343938
2011-11-30,-0.3713395160694688,-11.934216638129037
2011-12-31,-3.231443609359197,-11.01406395753941
2012-01-31,0.0,-6.88739329553707
2012-02-29,0.0,-2.845809775092112
2012-03-31,0.0,0.0
2012-04-30,-0.34462363578635635,-0.6676096951025889
2012-05-31,-5.853738662288544,-6.633067691129202
2012-06-30,-3.058726827515823,-2.844138952360764
2012-07-31,-2.0451359569243044,-1.6948056871669337
2012-08-31,0.0,0.0
2012-09-30,0.0,0.0
2012-10-31,-3.0524480287277056,-1.8198111803262473
2012-11-30,-2.54825704811924,-1.2641449268447125
2012-12-31,-3.224769112153414,-0.3820075287283342
2013-01-31,-1.2350418891151294,0.0
2013-02-28,-2.150436896360841,0.0
2013-03-31,0.0,0.0
2013-04-30,-0.7785925397688187,0.0
2013-05-31,-1.1641826078143236,0.0
2013-06-30,-5.80074380344926,-1.3344786947561138
2013-07-31,-0.4895312330574164,0.0
2013-08-31,-0.09086078989506419,-2.9992038350360684
2013-09-30,0.0,0.0
2013-10-31,0.0,0.0
2013-11-30,0.0,0.0
2013-12-31,0.0,0.0
2014-01-31,-0.30188038574555653,-3.5248703947801774
2014-02-28,0.0,0.0
2014-03-31,-1.5699764457184462,0.0
2014-04-30,-1.238666711223424,0.0
2014-05-31,0.0,0.0
2014-06-30,0.0,0.0
2014-07-31,-1.1600878230239364,-1.3437554289031373
2014-08-31,0.0,0.0
2014-09-30,-2.5987338932945137,-1.3796529524536139
2014-10-31,-1.8815521406550517,0.0
2014-11-30,0.0,0.0
2014-12-31,-0.34197159500820584,-0.25364612949400067
2015-01-31,0.0,-3.209052945379842
2015-02-28,0.0,0.0
2015-03-31,-1.738917176951893,-1.5705405075737588
2015-04-30,-0.9938319451902933,-0.6025896147952903
2015-05-31,0.0,0.0
2015-06-30,-1.972535887544502,-2.031194036922901
2015-07-31,-1.7661527262882504,0.0
2015-08-31,-4.473251826212577,-6.095014790036435
2015-09-30,-6.202363472847439,-8.491085896977324
2015-10-31,-0.026665906124279104,-0.7073760296555376
2015-11-30,-1.8022609165215253,-0.34441978907047144
2015-12-31,-2.958651907628107,-2.0667360943139923
2016-01-31,-4.521073005773523,-6.9424923111111925
2016-02-29,-1.720381775015467,-7.019359463006292
2016-03-31,0.0,-0.7649416232192952
2016-04-30,0.0,-0.37385031832789517
2016-05-31,-0.03005851048534236,0.0
2016-06-30,0.0,0.0
2016-07-31,0.0,0.0
2016-08-31,-0.7270856930796765,0.0
2016-09-30,0.0,0.0
2016-10-31,-1.9901902288501416,-1.7336452695063898
2016-11-30,-3.6502590919511357,0.0
2016-12-31,-3.301978125513705,0.0
2017-01-31,0.0,0.0
2017-02-28,0.0,0.0
2017-03-31,0.0,0.0
2017-04-30,0.0,0.0
2017-05-31,0.0,0.0
2017-06-30,-1.2017587755792647,0.0
2017-07-31,0.0,0.0
2017-08-31,0.0,0.0
2017-09-30,-0.6392002276097375,0.0
2017-10-31,0.0,0.0
2017-11-30,0.0,0.0
2017-12-31,0.0,0.0
2018-01-31,0.0,0.0
2018-02-28,-2.1947219208888757,-3.636048180006002
2018-03-31,-3.8972973521413934,-6.277418968591453
2018-04-30,-4.00018281324197,-5.7930404397282365
2018-05-31,-1.9160569947946904,-3.502999921018213
2018-06-30,-2.4542216485688995,-2.9480125288189662
2018-07-31,-1.2593191036553542,0.0
2018-08-31,0.0,0.0
2018-09-30,-0.22486245093221724,0.0
2018-10-31,-4.262029459010231,-6.910412070953676
2018-11-30,-3.580778928884154,-5.18370459022468
2018-12-31,-6.932928300088781,-13.532121894537308
2019-01-31,-1.3149934183220413,-6.609010017031435
2019-02-28,0.0,-3.5816405175761346
2019-03-31,0.0,-1.8364026499633535
2019-04-30,0.0,0.0
2019-05-31,-3.5485929436614105,-6.377090927363572
2019-06-30,0.0,0.0
2019-07-31,0.0,0.0
2019-08-31,0.0,-1.67434568491599
2019-09-30,-0.27792811394263817,0.0
2019-10-31,0.0,0.0
2019-11-30,0.0,0.0
2019-12-31,0.0,0.0
2020-01-31,0.0,-0.040401392620603715
2020-02-29,-4.086877228913144,-7.953769323027016
2020-03-31,-9.483280738218614,-19.447710674434894
2020-04-30,0.0,-9.218892539993117
2020-05-31,0.0,-4.893592676155379
2020-06-30,0.0,-3.206917750295679
2020-07-31,0.0,0.0
2020-08-31,0.0,0.0
2020-09-30,-4.075533434236267,-3.744364839635095
2020-10-31,-5.951241122002582,-6.144383433766931
2020-11-30,-1.2090287114623233,0.0
2020-12-31,0.0,0.0
2021-01-31,-1.3036557434887852,-1.0190365672240853
2021-02-28,-2.6057454171669048,0.0
2021-03-31,-1.3440570672230812,0.0
2021-04-30,0.0,0.0
2021-05-31,0.0,0.0
2021-06-30,0.0,0.0
2021-07-31,0.0,0.0
2021-08-31,0.0,0.0
2021-09-30,-4.229878253456832,-4.660534253455628
2021-10-31,0.0,0.0
2021-11-30,0.0,-0.8034986713717718
2021-12-31,0.0,0.0
2022-01-31,-4.921273663447434,-5.2741180268976
2022-02-28,-5.322686334494331,-8.070146757876817
2022-03-31,-2.952201215054673,-4.614481960646765
2022-04-30,-10.478951660758574,-12.986384033197517
2022-05-31,-11.664994791896044,-12.789941589665755
2022-06-30,-16.702143339249442,-19.981338411732764
2022-07-31,-11.66442115048687,-12.612633283401564
2022-08-31,-15.226189015108915,-16.17819986692146
2022-09-30,-21.39263222851713,-23.92719085188839
2022-10-31,-19.067827324012022,-17.744324222151576
2022-11-30,-14.017839040752001,-13.17160002360015
2022-12-31,-17.201374811021985,-18.175368123865766
2023-01-31,-11.268529887545476,-13.029630461218755
2023-02-28,-13.752640013392025,-15.216309987773824
2023-03-31,-7.967939917317713,-12.072705078071632
2023-04-30,-7.073579909811234,-10.668080489571686
2023-05-31,-5.254822870967358,-10.255699541873287
2023-06-30,-2.371526931097967,-4.440287561089917
2023-07-31,0.0,-1.3123068148667483
2023-08-31,-1.388874356043024,-2.9161736314379794
2023-09-30,-6.01280607694461,-7.521300214477133
2023-10-31,-5.30974219150917,-9.528889132902608
2023-11-30,0.0,-1.264901682492936
2023-12-31,0.0,0.0
2024-01-31,0.0,0.0
2024-02-29,0.0,0.0
2024-03-31,0.0,0.0
2024-04-30,-1.9378446557816953,-4.031957126224162
2024-05-31,0.0,0.0
2024-06-30,0.0,0.0
2024-07-31,0.0,0.0
2024-08-31,0.0,0.0
2024-09-30,0.0,0.0
2024-10-31,0.0,-0.8923431171973806
2024-11-30,0.0,0.0
2024-12-31,-1.2340871901576067,-2.406006954082074
2025-01-31,0.0,0.0
2025-02-28,-0.3654263310545969,-1.2694736490296177
2025-03-31,-1.4407417866872163,-6.770670543602419
2025-04-30,0.0,-7.578984416954615
2025-05-31,0.0,-1.770780918263537
2025-06-30,0.0,0.0
2025-07-31,0.0,0.0
2025-08-31,0.0,0.0
2025-09-30,0.0,0.0
2025-10-31,0.0,0.0
2025-11-30,0.0,0.0
2025-12-31,0.0,0.0
2026-01-31,0.0,0.0
2026-02-28,0.0,-0.8641958340223965
2026-03-31,-6.480230340728843,-5.759478882587632
2026-04-30,0.0,0.0
2026-05-31,0.0,0.0
2026-06-30,-3.8338423466041105,-1.0292566443839024
2026-07-31,-5.606423843220842,-0.994797093102251
2026-08-31,-0.8413955557060038,0.0
