point,sharpe,expected_return_pct,volatility_pct,weight_SPY_pct,weight_QQQ_pct,weight_TLT_pct,weight_GLD_pct,weight_CPER_pct,weight_MCHI_pct,weight_EWY_pct
1,0.565061313330387,6.768829373283497,9.067841083060342,31.626664415915247,0.0,42.74247486988387,14.827993230582614,10.802867483618275,0.0,0.0
2,0.5767321908637879,6.8750846444758915,9.068579048491088,32.41693821792093,0.0,42.12896886541153,15.059802873718716,10.394290042948827,0.0,0.0
3,0.5883054522640687,6.981339915668283,9.07079258455485,33.207212019926594,0.0,41.515462860939216,15.291612516854808,9.985712602279385,0.0,0.0
4,0.599775594669095,7.0875951868606775,9.07448061144483,33.99748582193229,0.0,40.90195685646689,15.523422159990902,9.577135161609931,0.0,0.0
5,0.611137276582708,7.19385045805307,9.079641332406812,34.78775962393796,0.0,40.288450851994554,15.755231803126998,9.168557720940491,0.0,0.0
6,0.6223853302248411,7.300105729245465,9.086272238107405,35.57803342594365,0.0,39.67494484752222,15.987041446263095,8.75998028027104,0.0,0.0
7,0.6335147731193184,7.40636100043786,9.094370112714882,36.36830722794933,0.0,39.061438843049885,16.21885108939919,8.351402839601588,0.0,0.0
8,0.6445208188597182,7.512616271630253,9.103931041658388,37.158581029955016,0.0,38.44793283857756,16.450660732535287,7.942825398932136,0.0,0.0
9,0.6553988870007064,7.618871542822644,9.114950421022037,37.94885483196068,0.0,37.834426834105244,16.682470375671375,7.534247958262698,0.0,0.0
10,0.6661446120296992,7.725126814015041,9.127422968521708,38.73912863396637,0.0,37.2209208296329,16.91428001880748,7.125670517593247,0.0,0.0
11,0.6767538513815212,7.831382085207434,9.141342736004079,39.52940243597205,0.0,36.60741482516057,17.146089661943577,6.717093076923797,0.0,0.0
12,0.6872226924667608,7.9376373563998275,9.156703123399854,40.31967623797774,0.0,35.99390882068824,17.377899305079666,6.3085156362543495,0.0,0.0
13,0.6975474586926859,8.043892627592223,9.173496894056045,41.10995003998342,0.0,35.38040281621592,17.60970894821576,5.899938195584907,0.0,0.0
14,0.7077247144637595,8.150147898784615,9.191716191366023,41.900223841989096,0.0,34.766896811743585,17.841518591351857,5.491360754915454,0.0,0.0
15,0.7177512691569025,8.256403169977009,9.21135255661045,42.69049764399478,0.0,34.15339080727126,18.07332823448796,5.082783314246007,0.0,0.0
16,0.7276241800745462,8.362658441169405,9.232396947917513,43.48077144600046,0.0,33.53988480279894,18.305137877624052,4.674205873576562,0.0,0.0
17,0.7373407543861684,8.468913712361797,9.254839760246982,44.27104524800614,0.0,32.9263787983266,18.536947520760148,4.265628432907114,0.0,0.0
18,0.7468985500762602,8.57516898355419,9.278670846299562,45.061319050011825,0.0,32.31287279385426,18.76875716389625,3.8570509922376637,0.0,0.0
19,0.756295375923516,8.681424254746585,9.303879538250674,45.851592852017504,0.0,31.699366789381937,19.00056680703234,3.448473551568215,0.0,0.0
20,0.7655292905423537,8.787679525938978,9.330454670206532,46.64186665402318,0.0,31.08586078490961,19.232376450168438,3.039896110898768,0.0,0.0
21,0.7745986005236424,8.893934797131372,9.35838460127961,47.43214045602887,0.0,30.472354780437282,19.464186093304527,2.6313186702293234,0.0,0.0
22,0.7835018577166731,9.000190068323768,9.38765723918087,48.222414258034554,0.0,29.85884877596494,19.695995736440636,2.2227412295598694,0.0,0.0
23,0.7922378556989271,9.10644533951616,9.418260064226924,49.012688060040226,0.0,29.245342771492616,19.92780537957673,1.814163788890426,0.0,0.0
24,0.8008056254840604,9.212700610708556,9.450180153662028,49.80296186204591,0.0,28.631836767020292,20.159615022712824,1.4055863482209765,0.0,0.0
25,0.8090099067353873,9.318955881900951,9.485684459724176,50.0,0.2188455988917318,27.579982006595234,21.050165207559605,1.1510071869534297,0.0,0.0
26,0.8169139375298273,9.425211153093342,9.523975064987903,50.0,0.7982204181081672,27.09220250900716,21.248047199313152,0.8615298735715222,0.0,0.0
27,0.8246747472616994,9.531466424285737,9.563192359963065,50.0,1.377595237324608,26.604423011419076,21.4459291910667,0.5720525601896177,0.0,0.0
28,0.8322928278096717,9.63772169547813,9.60332499163111,50.0,1.9569700565410544,26.11664351383099,21.643811182820244,0.28257524680771173,0.0,0.0
29,0.8397687776978976,9.743976966670525,9.64436163851513,50.0,2.5360684215329505,25.62617827893396,21.837753299533095,0.0,0.0,0.0
30,0.8470864266351172,9.850232237862915,9.686483926603117,50.0,3.103848564671337,25.02575715259791,21.870394282730754,0.0,0.0,0.0
31,0.854231250461194,9.95648750905531,9.729852803617032,50.0,3.671628707809734,24.425336026261853,21.903035265928413,0.0,0.0,0.0
32,0.8612042779631016,10.062742780247707,9.774451676365437,50.0,4.2394088509481325,23.82491489992579,21.935676249126075,0.0,0.0,0.0
33,0.868006710892959,10.1689980514401,9.820263786731356,50.0,4.807188994086529,23.22449377358973,21.968317232323738,0.0,0.0,0.0
34,0.8746399140787929,10.275253322632492,9.867272236145446,50.0,5.374969137224916,22.62407264725369,22.000958215521393,0.0,0.0,0.0
35,0.8811054054736341,10.381508593824888,9.915460009362224,50.0,5.942749280363317,22.023651520917632,22.033599198719052,0.0,0.0,0.0
36,0.8874048461960791,10.487763865017282,9.964809997493761,50.0,6.5105294235017155,21.423230394581577,22.06624018191671,0.0,0.0,0.0
37,0.8935400306118442,10.594019136209676,10.015305020261586,50.0,7.078309566640102,20.822809268245525,22.098881165114374,0.0,0.0,0.0
38,0.8995128765020645,10.70027440740207,10.066927847433773,50.0,7.646089709778497,20.222388141909466,22.131522148312037,0.0,0.0,0.0
39,0.905325415360234,10.806529678594464,10.11966121942002,50.0,8.213869852916897,19.621967015573414,22.16416313150969,0.0,0.0,0.0
40,0.9109797828557836,10.912784949786857,10.173487867003367,50.0,8.781649996055295,19.021545889237355,22.19680411470735,0.0,0.0,0.0
41,0.9164782094983878,11.019040220979251,10.22839053019248,50.0,9.349430139193684,18.421124762901307,22.229445097905007,0.0,0.0,0.0
42,0.9218230115332403,11.125295492171645,10.284351976183673,50.0,9.91721028233208,17.820703636565245,22.26208608110267,0.0,0.0,0.0
43,0.9270165820937579,11.231550763364039,10.341355016426528,50.0,10.484990425470482,17.220282510229197,22.294727064300325,0.0,0.0,0.0
44,0.9320613826345095,11.337806034556431,10.399382522791555,50.0,11.052770568608866,16.61986138389315,22.327368047497988,0.0,0.0,0.0
45,0.9369599346636361,11.444061305748827,10.458417442842398,50.0,11.620550711747265,16.019440257557086,22.360009030695647,0.0,0.0,0.0
46,0.9417148117906671,11.55031657694122,10.518442814218892,50.0,12.188330854885663,15.419019131221031,22.392650013893306,0.0,0.0,0.0
47,0.9463286321024428,11.656571848133614,10.579441778140817,50.0,12.75611099802406,14.818598004884972,22.42529099709097,0.0,0.0,0.0
48,0.9508040508768612,11.762827119326008,10.641397592045173,50.0,13.323891141162447,14.21817687854893,22.457931980288627,0.0,0.0,0.0
49,0.9551448895722241,11.869082390518402,10.704280911013674,49.75747922816991,14.066523771638954,13.660073111469966,22.515923888721172,0.0,0.0,0.0
50,0.9593615379413374,11.975337661710798,10.76798899199177,49.23944499752309,15.007795938043467,13.150043585326868,22.60271547910657,0.0,0.0,0.0
51,0.9634579622362883,12.081592932903188,10.832491048037461,48.72141076687636,15.949068104447894,12.640014059183777,22.689507069491967,0.0,0.0,0.0
52,0.967436653406664,12.187848204095584,10.897772980951622,48.203376536229385,16.890340270852516,12.129984533040705,22.776298659877387,0.0,0.0,0.0
53,0.971300099625766,12.294103475287978,10.963820859868985,47.685342305582544,17.83161243725704,11.619955006897623,22.863090250262786,0.0,0.0,0.0
54,0.975050782430905,12.400358746480372,11.030620926068895,47.16730807493569,18.772884603661577,11.109925480754544,22.949881840648185,0.0,0.0,0.0
55,0.9786911731321573,12.506614017672762,11.098159597264374,46.64927384428882,19.714156770066108,10.59989595461148,23.0366734310336,0.0,0.0,0.0
56,0.9822237294820444,12.612869288865161,11.166423471392502,46.131239613641945,20.655428936470678,10.08986642846838,23.123465021419,0.0,0.0,0.0
57,0.9856508925979821,12.719124560057555,11.235399329929086,45.61320538299519,21.59670110287512,9.5798369023253,23.210256611804397,0.0,0.0,0.0
58,0.9889750841288537,12.825379831249945,11.305074140750609,45.09517115234832,22.53797326927965,9.069807376182217,23.297048202189806,0.0,0.0,0.0
59,0.992198703656654,12.93163510244234,11.375435060566124,44.577136921701545,23.47924543568413,8.559777850039119,23.383839792575202,0.0,0.0,0.0
60,0.9953241263238529,13.037890373634736,11.446469436941573,44.05910269105467,24.42051760208867,8.049748323896049,23.470631382960615,0.0,0.0,0.0
61,0.9983537006769198,13.144145644827129,11.518164809938677,43.54106846040785,25.361789768493185,7.539718797752941,23.557422973346014,0.0,0.0,0.0
62,1.0012897467163033,13.250400916019526,11.590508913390016,43.02303422976099,26.30306193489772,7.029689271609878,23.64421456373142,0.0,0.0,0.0
63,1.0041345541430988,13.356656187211913,11.663489675831533,42.50499999911413,27.244334101302236,6.519659745466804,23.731006154116823,0.0,0.0,0.0
64,1.0068903807926477,13.462911458404312,11.737095221113094,41.98696576846732,28.185606267706753,6.009630219323697,23.81779774450223,0.0,0.0,0.0
65,1.0095594512453427,13.569166729596704,11.811313868707176,41.46893153782046,29.126878434111287,5.49960069318063,23.904589334887632,0.0,0.0,0.0
66,1.0121439556050482,13.675422000789098,11.886134133735188,40.95089730717361,30.068150600515814,4.989571167037541,23.991380925273038,0.0,0.0,0.0
67,1.0146460484356705,13.781677271981494,11.961544726730184,40.43286307652678,31.00942276692033,4.479541640894451,24.078172515658437,0.0,0.0,0.0
68,1.0170678478466104,13.887932543173886,12.037534553154156,39.91482884587989,31.95069493332489,3.9695121147513666,24.164964106043854,0.0,0.0,0.0
69,1.0194114347180492,13.99418781436628,12.114092712687373,39.39679461523322,32.89196709972928,3.45948258860827,24.251755696429246,0.0,0.0,0.0
70,1.0216788520572544,14.100443085558675,12.191208498306564,38.87876038458632,33.83323926613386,2.9494530624651696,24.33854728681465,0.0,0.0,0.0
71,1.023872104477375,14.206698356751069,12.26887139516796,38.36072615393941,34.77451143253841,2.43942353632212,24.42533887720006,0.0,0.0,0.0
72,1.0259931577904629,14.312953627943461,12.347071079310696,37.84269192329263,35.71578359894289,1.929394010179021,24.51213046758546,0.0,0.0,0.0
73,1.0280439387067697,14.419208899135855,12.42579741619516,37.324657692645715,36.657055765347465,1.4193644840359465,24.598922057970864,0.0,0.0,0.0
74,1.0300263346326723,14.525464170328245,12.50504045909031,36.80662346199895,37.598327931751925,0.9093349578928652,24.685713648356263,0.0,0.0,0.0
75,1.031942193559896,14.631719441520646,12.584790447323332,36.28858923135205,38.539600098156505,0.3993054317497703,24.772505238741672,0.0,0.0,0.0
76,1.0337916856527727,14.737974712713036,12.665057876362637,35.59764363668417,39.639417268604014,0.0,24.762939094711818,0.0,0.0,0.0
77,1.035530565578768,14.84422998390543,12.746400000959932,34.283126025075,41.31099690536947,0.0,24.405877069555537,0.0,0.0,0.0
78,1.0371413185048142,14.950485255097826,12.829054089235846,32.96860841346572,42.98257654213504,0.0,24.048815044399234,0.0,0.0,0.0
79,1.0386279401711127,15.056740526290218,12.912994948183714,31.654090801856473,44.65415617890055,0.0,23.69175301924298,0.0,0.0,0.0
80,1.0399943885567031,15.162995797482616,12.998197648378365,30.339573190247137,46.32573581566615,0.0,23.334690994086703,0.0,0.0,0.0
81,1.0412445774988108,15.269251068675008,13.084637539802587,29.025055578637865,47.99731545243168,0.0,22.977628968930457,0.0,0.0,0.0
82,1.0423823709143272,15.375506339867401,13.172290266196116,27.710537967028525,49.66889508919728,0.0,22.62056694377419,0.0,0.0,0.0
83,1.0433306268694313,15.481761611059794,13.26216069278031,28.465959425592697,50.0,0.0,21.53404057440731,0.0,0.0,0.0
84,1.0439325454322954,15.588016882252193,13.356297551447776,29.732667652883283,50.0,0.0,20.267332347116724,0.0,0.0,0.0
85,1.0441969714283592,15.694272153444583,13.454673166125254,30.99937588017378,50.0,0.0,19.00062411982622,0.0,0.0,0.0
86,1.0441381102521363,15.800527424636975,13.557195263565788,32.266084107464344,50.0,0.0,17.733915892535652,0.0,0.0,0.0
87,1.0437704223232354,15.906782695829369,13.663770508333656,33.53279233475489,50.0,0.0,16.467207665245102,0.0,0.0,0.0
88,1.0431085251020078,16.013037967021763,13.774304820103445,34.799500562045395,50.0,0.0,15.200499437954607,0.0,0.0,0.0
89,1.0421671018820013,16.11929323821416,13.888703673583072,36.06620878933599,50.0,0.0,13.933791210664005,0.0,0.0,0.0
90,1.0409608178026968,16.225548509406554,14.006872380043776,37.332917016626524,50.0,0.0,12.66708298337347,0.0,0.0,0.0
91,1.0395042433586539,16.331803780598943,14.128716349754663,38.599625243917046,50.0,0.0,11.400374756082954,0.0,0.0,0.0
92,1.0378117855295637,16.438059051791342,14.254141334909477,39.86633347120764,50.0,0.0,10.133666528792357,0.0,0.0,0.0
93,1.0358976265214481,16.544314322983737,14.383053652895944,41.133041698498154,50.0,0.0,8.866958301501835,0.0,0.0,0.0
94,1.0337756699932794,16.65056959417613,14.515360389992054,42.39974992578869,50.0,0.0,7.6002500742113055,0.0,0.0,0.0
95,1.0314594945456945,16.756824865368525,14.650969585777442,43.666458153079255,50.0,0.0,6.333541846920745,0.0,0.0,0.0
96,1.0289623141688815,16.863080136560914,14.78979039872301,44.93316638036978,50.0,0.0,5.06683361963023,0.0,0.0,0.0
97,1.0262969452842015,16.96933540775331,14.931733253567767,46.19987460766033,50.0,0.0,3.8001253923396665,0.0,0.0,0.0
98,1.0234757799674292,17.075590678945705,15.076709971210636,47.466582834950906,50.0,0.0,2.533417165049097,0.0,0.0,0.0
99,1.020510764909241,17.181845950138094,15.224633881938212,48.7332910622414,50.0,0.0,1.266708937758595,0.0,0.0,0.0
100,1.017413280082957,17.28810581093874,15.375426029277955,49.99900064311731,50.000738034586576,0.00013004186397072988,0.0,0.0001700999196197347,0.0,0.0
