date,portfolio,ticker,cumulative_active_contribution_pct
2015-11-30,provided,QQQ,0.09731589401179797
2015-12-31,provided,QQQ,0.15071344514592244
2016-01-31,provided,QQQ,-0.6219937941597165
2016-02-29,provided,QQQ,-1.2150805108912222
2016-03-31,provided,QQQ,-1.1646813782210197
2016-04-30,provided,QQQ,-2.597061689413649
2016-05-31,provided,QQQ,-1.5295078265368067
2016-06-30,provided,QQQ,-2.5797476325287194
2016-07-31,provided,QQQ,-1.1782780118026845
2016-08-31,provided,QQQ,-0.8061534880218565
2016-09-30,provided,QQQ,0.07694778985040379
2016-10-31,provided,QQQ,0.18755865662944998
2016-11-30,provided,QQQ,-1.1116172503682396
2016-12-31,provided,QQQ,-1.4695955293645333
2017-01-31,provided,QQQ,-0.12933802036168857
2017-02-28,provided,QQQ,0.04902103879282065
2017-03-31,provided,QQQ,0.8097747708543284
2017-04-30,provided,QQQ,1.5035178381684093
2017-05-31,provided,QQQ,2.4979432033873437
2017-06-30,provided,QQQ,1.315754120076816
2017-07-31,provided,QQQ,2.118132625483829
2017-08-31,provided,QQQ,2.830856251709775
2017-09-30,provided,QQQ,1.906795891945659
2017-10-31,provided,QQQ,2.8067694513078987
2017-11-30,provided,QQQ,2.372834065819017
2017-12-31,provided,QQQ,2.1289712524936775
2018-01-31,provided,QQQ,3.377436092418314
2018-02-28,provided,QQQ,4.314722784184331
2018-03-31,provided,QQQ,3.7796083957147806
2018-04-30,provided,QQQ,3.7752250171572945
2018-05-31,provided,QQQ,5.072042043555341
2018-06-30,provided,QQQ,5.300015440739721
2018-07-31,provided,QQQ,4.936706948821802
2018-08-31,provided,QQQ,5.97217625861263
2018-09-30,provided,QQQ,5.621730908893633
2018-10-31,provided,QQQ,4.947584462229405
2018-11-30,provided,QQQ,4.099614503506492
2018-12-31,provided,QQQ,4.15726751735948
2019-01-31,provided,QQQ,4.558963997628349
2019-02-28,provided,QQQ,4.458806311851169
2019-03-31,provided,QQQ,5.304614775822523
2019-04-30,provided,QQQ,5.870217843785723
2019-05-31,provided,QQQ,5.130994228618646
2019-06-30,provided,QQQ,5.383578942940859
2019-07-31,provided,QQQ,5.71270658700501
2019-08-31,provided,QQQ,5.622618354332198
2019-09-30,provided,QQQ,5.2114680628983745
2019-10-31,provided,QQQ,6.079316633006622
2019-11-30,provided,QQQ,6.259141197302149
2019-12-31,provided,QQQ,6.651484991158245
2020-01-31,provided,QQQ,7.882988323814858
2020-02-29,provided,QQQ,8.626659840401194
2020-03-31,provided,QQQ,10.707178756076972
2020-04-30,provided,QQQ,11.617340879980272
2020-05-31,provided,QQQ,12.351874155122648
2020-06-30,provided,QQQ,14.157168624156192
2020-07-31,provided,QQQ,14.740068454214686
2020-08-31,provided,QQQ,16.32611419701705
2020-09-30,provided,QQQ,15.512408097698808
2020-10-31,provided,QQQ,15.29179077881852
2020-11-30,provided,QQQ,15.43102145732285
2020-12-31,provided,QQQ,15.910054507493818
2021-01-31,provided,QQQ,16.422226812834445
2021-02-28,provided,QQQ,15.25658626968448
2021-03-31,provided,QQQ,14.12732835486768
2021-04-30,provided,QQQ,14.37482201396997
2021-05-31,provided,QQQ,13.631700669382782
2021-06-30,provided,QQQ,15.239467806106013
2021-07-31,provided,QQQ,15.407336385638882
2021-08-31,provided,QQQ,15.904411270015824
2021-09-30,provided,QQQ,15.495367010890535
2021-10-31,provided,QQQ,15.834420729969995
2021-11-30,provided,QQQ,16.954558493567866
2021-12-31,provided,QQQ,15.56558441319309
2022-01-31,provided,QQQ,14.176423815031667
2022-02-28,provided,QQQ,13.56672453704754
2022-03-31,provided,QQQ,13.930264967977624
2022-04-30,provided,QQQ,12.0027311526222
2022-05-31,provided,QQQ,11.277798233342008
2022-06-30,provided,QQQ,11.013056235839288
2022-07-31,provided,QQQ,12.350260297022317
2022-08-31,provided,QQQ,11.929460467237863
2022-09-30,provided,QQQ,11.413074064617982
2022-10-31,provided,QQQ,9.761989939946186
2022-11-30,provided,QQQ,9.75599406703488
2022-12-31,provided,QQQ,8.45566996758325
2023-01-31,provided,QQQ,10.197349498297829
2023-02-28,provided,QQQ,11.059137565142118
2023-03-31,provided,QQQ,13.3731170972357
2023-04-30,provided,QQQ,12.937277085502638
2023-05-31,provided,QQQ,15.906145171150893
2023-06-30,provided,QQQ,15.835698359356309
2023-07-31,provided,QQQ,16.070408291867928
2023-08-31,provided,QQQ,16.12727673303317
2023-09-30,provided,QQQ,15.99271387666551
2023-10-31,provided,QQQ,16.03487734343237
2023-11-30,provided,QQQ,16.70864477811557
2023-12-31,provided,QQQ,17.117211559469375
2024-01-31,provided,QQQ,17.207842702721805
2024-02-29,provided,QQQ,17.233707128680738
2024-03-31,provided,QQQ,16.43562254776877
2024-04-30,provided,QQQ,16.298890507091386
2024-05-31,provided,QQQ,16.73643515793642
2024-06-30,provided,QQQ,17.913276182181008
2024-07-31,provided,QQQ,16.757675246715383
2024-08-31,provided,QQQ,16.26458785443095
2024-09-30,provided,QQQ,16.47304243041203
2024-10-31,provided,QQQ,16.484140931606813
2024-11-30,provided,QQQ,16.239119192542987
2024-12-31,provided,QQQ,17.383140954330273
2025-01-31,provided,QQQ,17.17424356969429
2025-02-28,provided,QQQ,16.60065297587759
2025-03-31,provided,QQQ,15.794946936446214
2025-04-30,provided,QQQ,16.700481584581688
2025-05-31,provided,QQQ,17.8579975978223
2025-06-30,provided,QQQ,18.356896027754114
2025-07-31,provided,QQQ,18.40510627198186
2025-08-31,provided,QQQ,17.96591096205447
2025-09-30,provided,QQQ,18.69158216317109
2025-10-31,provided,QQQ,19.650238689817538
2025-11-30,provided,QQQ,18.947829826273342
2025-12-31,provided,QQQ,18.64795509396305
2026-01-31,provided,QQQ,18.55070454236222
2026-02-28,provided,QQQ,17.958570152034767
2026-03-31,provided,QQQ,17.99844917650312
2026-04-30,provided,QQQ,20.07237245136857
2026-05-31,provided,QQQ,22.194737733447557
2026-06-30,provided,QQQ,22.546807141973595
2026-07-31,provided,QQQ,19.90332904770048
2015-11-30,provided,SPMO,0.06657848835963875
2015-12-31,provided,SPMO,0.027821039475508517
2016-01-31,provided,SPMO,0.1264635741661291
2016-02-29,provided,SPMO,0.11453747038773889
2016-03-31,provided,SPMO,-0.020096014150317032
2016-04-30,provided,SPMO,-0.00960498950025368
2016-05-31,provided,SPMO,-0.17589835164022907
2016-06-30,provided,SPMO,-0.26707033192456603
2016-07-31,provided,SPMO,-0.1471913456131047
2016-08-31,provided,SPMO,-0.15916847446999954
2016-09-30,provided,SPMO,-0.11014567804637615
2016-10-31,provided,SPMO,-0.12298462212566702
2016-11-30,provided,SPMO,-0.5538685031724434
2016-12-31,provided,SPMO,-0.4237318597350482
2017-01-31,provided,SPMO,-0.5113696824879965
2017-02-28,provided,SPMO,-0.505857538755925
2017-03-31,provided,SPMO,-0.7062281709459273
2017-04-30,provided,SPMO,-0.5443093236741336
2017-05-31,provided,SPMO,-0.49994522451576423
2017-06-30,provided,SPMO,-0.41033513518717746
2017-07-31,provided,SPMO,-0.38323549282302294
2017-08-31,provided,SPMO,-0.305986290701895
2017-09-30,provided,SPMO,-0.3863054654390151
2017-10-31,provided,SPMO,0.15600943366474015
2017-11-30,provided,SPMO,0.11170288463506892
2017-12-31,provided,SPMO,0.0915989115207729
2018-01-31,provided,SPMO,0.25744804990969555
2018-02-28,provided,SPMO,0.5709434412906513
2018-03-31,provided,SPMO,0.44961928492144654
2018-04-30,provided,SPMO,0.5393377876256812
2018-05-31,provided,SPMO,0.6915685862969901
2018-06-30,provided,SPMO,0.6328665327395601
2018-07-31,provided,SPMO,0.6159781794436106
2018-08-31,provided,SPMO,0.7425548457923848
2018-09-30,provided,SPMO,0.819776021427996
2018-10-31,provided,SPMO,0.5301799707888413
2018-11-30,provided,SPMO,0.5033290277615845
2018-12-31,provided,SPMO,0.5102730023431791
2019-01-31,provided,SPMO,0.6252009562405759
2019-02-28,provided,SPMO,0.6942438001059793
2019-03-31,provided,SPMO,0.7948253670507612
2019-04-30,provided,SPMO,0.48966483438264496
2019-05-31,provided,SPMO,0.8796647763347456
2019-06-30,provided,SPMO,0.6664578466391904
2019-07-31,provided,SPMO,0.6013663722918495
2019-08-31,provided,SPMO,0.7305283985820467
2019-09-30,provided,SPMO,0.5667641340611931
2019-10-31,provided,SPMO,0.31886555816439416
2019-11-30,provided,SPMO,0.15376782453110377
2019-12-31,provided,SPMO,0.061508967824890515
2020-01-31,provided,SPMO,0.3661883240092069
2020-02-29,provided,SPMO,0.32857020762955064
2020-03-31,provided,SPMO,0.7226267231010077
2020-04-30,provided,SPMO,0.5637168746879875
2020-05-31,provided,SPMO,0.7669904236098704
2020-06-30,provided,SPMO,0.8470858774545011
2020-07-31,provided,SPMO,1.02459048054963
2020-08-31,provided,SPMO,1.175892363872271
2020-09-30,provided,SPMO,1.3484094369806934
2020-10-31,provided,SPMO,1.16937335268976
2020-11-30,provided,SPMO,0.8510615991644089
2020-12-31,provided,SPMO,0.7825798748727665
2021-01-31,provided,SPMO,0.902438212230622
2021-02-28,provided,SPMO,0.4802452981111384
2021-03-31,provided,SPMO,0.1913810863339562
2021-04-30,provided,SPMO,0.19861590874074592
2021-05-31,provided,SPMO,0.05420242867919438
2021-06-30,provided,SPMO,0.5474464781661172
2021-07-31,provided,SPMO,0.5261093529423091
2021-08-31,provided,SPMO,0.6877841563945655
2021-09-30,provided,SPMO,0.6748559513322085
2021-10-31,provided,SPMO,0.7102094453949372
2021-11-30,provided,SPMO,0.4994689025641288
2021-12-31,provided,SPMO,0.3032903794535781
2022-01-31,provided,SPMO,0.19415602640723637
2022-02-28,provided,SPMO,0.2853994261671091
2022-03-31,provided,SPMO,0.26506100601782284
2022-04-30,provided,SPMO,0.29001174815499703
2022-05-31,provided,SPMO,0.4229896403977464
2022-06-30,provided,SPMO,0.4286258355483676
2022-07-31,provided,SPMO,0.29854285480186554
2022-08-31,provided,SPMO,0.4111048078509184
2022-09-30,provided,SPMO,0.6380550812153332
2022-10-31,provided,SPMO,1.1833339654888988
2022-11-30,provided,SPMO,0.9441855679477875
2022-12-31,provided,SPMO,1.2041638680218685
2023-01-31,provided,SPMO,0.5294994244395604
2023-02-28,provided,SPMO,0.3244500639506235
2023-03-31,provided,SPMO,0.13016658373580048
2023-04-30,provided,SPMO,0.2601673653159423
2023-05-31,provided,SPMO,-0.3367007582155144
2023-06-30,provided,SPMO,-0.380307051309475
2023-07-31,provided,SPMO,-0.5317389408994031
2023-08-31,provided,SPMO,-0.13258610924121927
2023-09-30,provided,SPMO,0.21843800947514835
2023-10-31,provided,SPMO,0.2361598399626266
2023-11-30,provided,SPMO,0.3041975803589339
2023-12-31,provided,SPMO,0.49867933782019175
2024-01-31,provided,SPMO,0.9034189346633007
2024-02-29,provided,SPMO,1.5305607635249532
2024-03-31,provided,SPMO,1.6196485134687637
2024-04-30,provided,SPMO,1.4780903083917711
2024-05-31,provided,SPMO,1.7066397162017881
2024-06-30,provided,SPMO,2.1041610274452998
2024-07-31,provided,SPMO,1.8161374279178215
2024-08-31,provided,SPMO,1.9603878071843612
2024-09-30,provided,SPMO,1.9138277612536132
2024-10-31,provided,SPMO,2.022924388154605
2024-11-30,provided,SPMO,2.088335290895617
2024-12-31,provided,SPMO,2.160831802982811
2025-01-31,provided,SPMO,2.4216877428330634
2025-02-28,provided,SPMO,2.52464416523361
2025-03-31,provided,SPMO,2.371027382780386
2025-04-30,provided,SPMO,2.678198648211167
2025-05-31,provided,SPMO,3.1896438821664597
2025-06-30,provided,SPMO,3.3727382200168536
2025-07-31,provided,SPMO,3.428722567539318
2025-08-31,provided,SPMO,3.29181325707755
2025-09-30,provided,SPMO,3.3452011849120398
2025-10-31,provided,SPMO,3.1596930136854966
2025-11-30,provided,SPMO,3.010366213744629
2025-12-31,provided,SPMO,2.960032739853831
2026-01-31,provided,SPMO,2.858750581835115
2026-02-28,provided,SPMO,2.9118005436684626
2026-03-31,provided,SPMO,2.8160907695202133
2026-04-30,provided,SPMO,3.6993789101227095
2026-05-31,provided,SPMO,4.4288207944686055
2026-06-30,provided,SPMO,5.2753471183383205
2026-07-31,provided,SPMO,4.175542917876163
2015-11-30,provided,GDX,-0.8386898227997797
2015-12-31,provided,GDX,-0.6094104921775956
2016-01-31,provided,GDX,0.2455994584945144
2016-02-29,provided,GDX,3.892138797413189
2016-03-31,provided,GDX,3.5239209471185258
2016-04-30,provided,GDX,6.418907007113932
2016-05-31,provided,GDX,4.990566164411348
2016-06-30,provided,GDX,7.227729349601916
2016-07-31,provided,GDX,7.902354164190097
2016-08-31,provided,GDX,6.223162717101643
2016-09-30,provided,GDX,6.591359693536155
2016-10-31,provided,GDX,6.042066619015521
2016-11-30,provided,GDX,4.168788779420767
2016-12-31,provided,GDX,4.038311000754425
2017-01-31,provided,GDX,5.298177396452189
2017-02-28,provided,GDX,4.453947288724977
2017-03-31,provided,GDX,4.423941592393392
2017-04-30,provided,GDX,4.070405072344785
2017-05-31,provided,GDX,4.136203602208385
2017-06-30,provided,GDX,3.8036117837556347
2017-07-31,provided,GDX,3.9513315025374833
2017-08-31,provided,GDX,4.73580420509324
2017-09-30,provided,GDX,3.822336356937086
2017-10-31,provided,GDX,3.3776354836510434
2017-11-30,provided,GDX,3.0675282171022626
2017-12-31,provided,GDX,3.3723752962073665
2018-01-31,provided,GDX,3.028233386969797
2018-02-28,provided,GDX,2.3813109676769244
2018-03-31,provided,GDX,2.9504967611824555
2018-04-30,provided,GDX,3.0353034460665644
2018-05-31,provided,GDX,2.8191452084768858
2018-06-30,provided,GDX,2.748206191974653
2018-07-31,provided,GDX,1.9160643011000136
2018-08-31,provided,GDX,0.31396774870438815
2018-09-30,provided,GDX,0.2383460354707669
2018-10-31,provided,GDX,1.1507644425198873
2018-11-30,provided,GDX,1.0497949632119432
2018-12-31,provided,GDX,3.0364030666734334
2019-01-31,provided,GDX,2.994400648650909
2019-02-28,provided,GDX,2.471916108944918
2019-03-31,provided,GDX,2.371846891403369
2019-04-30,provided,GDX,1.2808945333000634
2019-05-31,provided,GDX,2.253694759973558
2019-06-30,provided,GDX,3.3966485594630793
2019-07-31,provided,GDX,3.6132142444360666
2019-08-31,provided,GDX,5.048569971358893
2019-09-30,provided,GDX,3.7990706247784436
2019-10-31,provided,GDX,4.117151426024641
2019-11-30,provided,GDX,3.3750583499021
2019-12-31,provided,GDX,3.973574171317968
2020-01-31,provided,GDX,3.878566360945232
2020-02-29,provided,GDX,3.714725133193265
2020-03-31,provided,GDX,3.750623619220118
2020-04-30,provided,GDX,6.482524366620629
2020-05-31,provided,GDX,6.644632089870059
2020-06-30,provided,GDX,7.154933268192487
2020-07-31,provided,GDX,8.272659995016006
2020-08-31,provided,GDX,7.418663466083183
2020-09-30,provided,GDX,7.057353976396957
2020-10-31,provided,GDX,6.8802348961091635
2020-11-30,provided,GDX,5.042932190482394
2020-12-31,provided,GDX,5.113067414252356
2021-01-31,provided,GDX,4.79576003413787
2021-02-28,provided,GDX,3.538279073125726
2021-03-31,provided,GDX,3.5243767947656277
2021-04-30,provided,GDX,3.5675773903861017
2021-05-31,provided,GDX,4.974559809307396
2021-06-30,provided,GDX,3.370275923826356
2021-07-31,provided,GDX,3.4027856137887085
2021-08-31,provided,GDX,2.4408119413773726
2021-09-30,provided,GDX,1.9467443352676732
2021-10-31,provided,GDX,2.00520191679222
2021-11-30,provided,GDX,2.1139332530426254
2021-12-31,provided,GDX,1.8999126460346776
2022-01-31,provided,GDX,1.865352225437336
2022-02-28,provided,GDX,3.5333308388636424
2022-03-31,provided,GDX,4.312168712212772
2022-04-30,provided,GDX,4.313718131907797
2022-05-31,provided,GDX,3.359452698513844
2022-06-30,provided,GDX,2.8131119982115886
2022-07-31,provided,GDX,1.486833114397326
2022-08-31,provided,GDX,0.9546172413689449
2022-09-30,provided,GDX,2.013528348258721
2022-10-31,provided,GDX,1.2173565141684008
2022-11-30,provided,GDX,2.6854467136606415
2022-12-31,provided,GDX,3.294458142400109
2023-01-31,provided,GDX,3.8379498130210354
2023-02-28,provided,GDX,2.6808807723060566
2023-03-31,provided,GDX,4.069461964973705
2023-04-30,provided,GDX,4.28993345727419
2023-05-31,provided,GDX,3.448651966629705
2023-06-30,provided,GDX,2.541839873637771
2023-07-31,provided,GDX,2.6462550572364316
2023-08-31,provided,GDX,2.1242808377967313
2023-09-30,provided,GDX,1.7954805800181204
2023-10-31,provided,GDX,2.421338481801799
2023-11-30,provided,GDX,2.689620467157755
2023-12-31,provided,GDX,2.296666533763881
2024-01-31,provided,GDX,1.147400280134439
2024-02-29,provided,GDX,0.06003258300521005
2024-03-31,provided,GDX,1.7284633793896047
2024-04-30,provided,GDX,2.609202903977343
2024-05-31,provided,GDX,2.7584029241236125
2024-06-30,provided,GDX,2.0174992454721923
2024-07-31,provided,GDX,3.0753061685921272
2024-08-31,provided,GDX,3.0235624051640935
2024-09-30,provided,GDX,3.1242369066921754
2024-10-31,provided,GDX,3.344061482861399
2024-11-30,provided,GDX,2.0833717283726814
2024-12-31,provided,GDX,1.4339313636182047
2025-01-31,provided,GDX,2.654605280163643
2025-02-28,provided,GDX,2.976624586554786
2025-03-31,provided,GDX,5.1073316644724605
2025-04-30,provided,GDX,5.855332722371265
2025-05-31,provided,GDX,5.56150921555024
2025-06-30,provided,GDX,5.3260294012270855
2025-07-31,provided,GDX,5.015037486096052
2025-08-31,provided,GDX,7.042608160580251
2025-09-30,provided,GDX,8.78075283502781
2025-10-31,provided,GDX,7.974315921686627
2025-11-30,provided,GDX,9.504913313664707
2025-12-31,provided,GDX,9.87695986025652
2026-01-31,provided,GDX,10.712443786168315
2026-02-28,provided,GDX,13.09610329427442
2026-03-31,provided,GDX,11.512032899265353
2026-04-30,provided,GDX,10.082297590501366
2026-05-31,provided,GDX,9.691955445311384
2026-06-30,provided,GDX,8.225990591180269
2026-07-31,provided,GDX,8.043582553127788
2015-11-30,provided,GLD,-0.0
2015-12-31,provided,GLD,0.0
2016-01-31,provided,GLD,0.0
2016-02-29,provided,GLD,0.0
2016-03-31,provided,GLD,0.0
2016-04-30,provided,GLD,0.0
2016-05-31,provided,GLD,0.0
2016-06-30,provided,GLD,0.0
2016-07-31,provided,GLD,0.0
2016-08-31,provided,GLD,0.0
2016-09-30,provided,GLD,0.0
2016-10-31,provided,GLD,0.0
2016-11-30,provided,GLD,0.0
2016-12-31,provided,GLD,0.0
2017-01-31,provided,GLD,0.0
2017-02-28,provided,GLD,0.0
2017-03-31,provided,GLD,0.0
2017-04-30,provided,GLD,0.0
2017-05-31,provided,GLD,0.0
2017-06-30,provided,GLD,0.0
2017-07-31,provided,GLD,0.0
2017-08-31,provided,GLD,0.0
2017-09-30,provided,GLD,0.0
2017-10-31,provided,GLD,0.0
2017-11-30,provided,GLD,0.0
2017-12-31,provided,GLD,0.0
2018-01-31,provided,GLD,0.0
2018-02-28,provided,GLD,0.0
2018-03-31,provided,GLD,0.0
2018-04-30,provided,GLD,0.0
2018-05-31,provided,GLD,0.0
2018-06-30,provided,GLD,0.0
2018-07-31,provided,GLD,0.0
2018-08-31,provided,GLD,0.0
2018-09-30,provided,GLD,0.0
2018-10-31,provided,GLD,0.0
2018-11-30,provided,GLD,0.0
2018-12-31,provided,GLD,0.0
2019-01-31,provided,GLD,0.0
2019-02-28,provided,GLD,0.0
2019-03-31,provided,GLD,0.0
2019-04-30,provided,GLD,0.0
2019-05-31,provided,GLD,0.0
2019-06-30,provided,GLD,0.0
2019-07-31,provided,GLD,0.0
2019-08-31,provided,GLD,0.0
2019-09-30,provided,GLD,0.0
2019-10-31,provided,GLD,0.0
2019-11-30,provided,GLD,0.0
2019-12-31,provided,GLD,0.0
2020-01-31,provided,GLD,0.0
2020-02-29,provided,GLD,0.0
2020-03-31,provided,GLD,0.0
2020-04-30,provided,GLD,0.0
2020-05-31,provided,GLD,0.0
2020-06-30,provided,GLD,0.0
2020-07-31,provided,GLD,0.0
2020-08-31,provided,GLD,0.0
2020-09-30,provided,GLD,0.0
2020-10-31,provided,GLD,0.0
2020-11-30,provided,GLD,0.0
2020-12-31,provided,GLD,0.0
2021-01-31,provided,GLD,0.0
2021-02-28,provided,GLD,0.0
2021-03-31,provided,GLD,0.0
2021-04-30,provided,GLD,0.0
2021-05-31,provided,GLD,0.0
2021-06-30,provided,GLD,0.0
2021-07-31,provided,GLD,0.0
2021-08-31,provided,GLD,0.0
2021-09-30,provided,GLD,0.0
2021-10-31,provided,GLD,0.0
2021-11-30,provided,GLD,0.0
2021-12-31,provided,GLD,0.0
2022-01-31,provided,GLD,0.0
2022-02-28,provided,GLD,0.0
2022-03-31,provided,GLD,0.0
2022-04-30,provided,GLD,0.0
2022-05-31,provided,GLD,0.0
2022-06-30,provided,GLD,0.0
2022-07-31,provided,GLD,0.0
2022-08-31,provided,GLD,0.0
2022-09-30,provided,GLD,0.0
2022-10-31,provided,GLD,0.0
2022-11-30,provided,GLD,0.0
2022-12-31,provided,GLD,0.0
2023-01-31,provided,GLD,0.0
2023-02-28,provided,GLD,0.0
2023-03-31,provided,GLD,0.0
2023-04-30,provided,GLD,0.0
2023-05-31,provided,GLD,0.0
2023-06-30,provided,GLD,0.0
2023-07-31,provided,GLD,0.0
2023-08-31,provided,GLD,0.0
2023-09-30,provided,GLD,0.0
2023-10-31,provided,GLD,0.0
2023-11-30,provided,GLD,0.0
2023-12-31,provided,GLD,0.0
2024-01-31,provided,GLD,0.0
2024-02-29,provided,GLD,0.0
2024-03-31,provided,GLD,0.0
2024-04-30,provided,GLD,0.0
2024-05-31,provided,GLD,0.0
2024-06-30,provided,GLD,0.0
2024-07-31,provided,GLD,0.0
2024-08-31,provided,GLD,0.0
2024-09-30,provided,GLD,0.0
2024-10-31,provided,GLD,0.0
2024-11-30,provided,GLD,0.0
2024-12-31,provided,GLD,0.0
2025-01-31,provided,GLD,0.0
2025-02-28,provided,GLD,0.0
2025-03-31,provided,GLD,0.0
2025-04-30,provided,GLD,0.0
2025-05-31,provided,GLD,0.0
2025-06-30,provided,GLD,0.0
2025-07-31,provided,GLD,0.0
2025-08-31,provided,GLD,0.0
2025-09-30,provided,GLD,0.0
2025-10-31,provided,GLD,0.0
2025-11-30,provided,GLD,0.0
2025-12-31,provided,GLD,0.0
2026-01-31,provided,GLD,0.0
2026-02-28,provided,GLD,0.0
2026-03-31,provided,GLD,0.0
2026-04-30,provided,GLD,0.0
2026-05-31,provided,GLD,0.0
2026-06-30,provided,GLD,0.0
2026-07-31,provided,GLD,0.0
2015-11-30,provided,SLV,-0.9554708858791949
2015-12-31,provided,SLV,-0.9686567733133579
2016-01-31,provided,SLV,-0.16752932770600307
2016-02-29,provided,SLV,0.2895881804115441
2016-03-31,provided,SLV,-0.04504136881112063
2016-04-30,provided,SLV,1.4823014689651328
2016-05-31,provided,SLV,0.2580069177450329
2016-06-30,provided,SLV,1.9809829045270202
2016-07-31,provided,SLV,2.450536352677082
2016-08-31,provided,SLV,1.5961814274475405
2016-09-30,provided,SLV,1.8664849548825282
2016-10-31,provided,SLV,1.3640302630571866
2016-11-30,provided,SLV,0.22369637446221433
2016-12-31,provided,SLV,-0.3302355227614986
2017-01-31,provided,SLV,0.49677238367643906
2017-02-28,provided,SLV,0.5488386252645525
2017-03-31,provided,SLV,0.4672543457008303
2017-04-30,provided,SLV,-0.18273309543573557
2017-05-31,provided,SLV,-0.2686475406319868
2017-06-30,provided,SLV,-0.7472851673907224
2017-07-31,provided,SLV,-0.8318839710172058
2017-08-31,provided,SLV,-0.389361014105202
2017-09-30,provided,SLV,-1.1374014804852808
2017-10-31,provided,SLV,-1.3412778768418423
2017-11-30,provided,SLV,-1.8242632639929417
2017-12-31,provided,SLV,-1.636064944490662
2018-01-31,provided,SLV,-1.9745151169141255
2018-02-28,provided,SLV,-2.1552548086957195
2018-03-31,provided,SLV,-1.913491577901009
2018-04-30,provided,SLV,-1.9846407868598166
2018-05-31,provided,SLV,-2.175713357089754
2018-06-30,provided,SLV,-2.4337413288316263
2018-07-31,provided,SLV,-3.1606419145190285
2018-08-31,provided,SLV,-4.136927503870464
2018-09-30,provided,SLV,-4.1377710040895
2018-10-31,provided,SLV,-3.679798648293057
2018-11-30,provided,SLV,-3.932405436377219
2018-12-31,provided,SLV,-2.1510178254104066
2019-01-31,provided,SLV,-2.5866605346706
2019-02-28,provided,SLV,-3.189889832525044
2019-03-31,provided,SLV,-3.6784793757231955
2019-04-30,provided,SLV,-4.199840757563926
2019-05-31,provided,SLV,-3.826039297575955
2019-06-30,provided,SLV,-4.023730098162492
2019-07-31,provided,SLV,-3.560831088849802
2019-08-31,provided,SLV,-2.117923567567214
2019-09-30,provided,SLV,-3.0297005091860156
2019-10-31,provided,SLV,-2.6226031953177236
2019-11-30,provided,SLV,-3.5756057979363494
2019-12-31,provided,SLV,-3.3887714470753663
2020-01-31,provided,SLV,-3.300802981512993
2020-02-29,provided,SLV,-3.2760864558326506
2020-03-31,provided,SLV,-3.6242834111691145
2020-04-30,provided,SLV,-4.181474756307232
2020-05-31,provided,SLV,-2.740905100363243
2020-06-30,provided,SLV,-2.7081636424307063
2020-07-31,provided,SLV,0.018606742232327167
2020-08-31,provided,SLV,0.9012162205059222
2020-09-30,provided,SLV,-0.4742510893275348
2020-10-31,provided,SLV,-0.06317830979701454
2020-11-30,provided,SLV,-1.5784138149942246
2020-12-31,provided,SLV,-0.2766891041782609
2021-01-31,provided,SLV,-0.0038443822010430194
2021-02-28,provided,SLV,-0.4139524355030338
2021-03-31,provided,SLV,-1.6627540778227274
2021-04-30,provided,SLV,-1.614768363867793
2021-05-31,provided,SLV,-0.8932563684150869
2021-06-30,provided,SLV,-1.7661780650624097
2021-07-31,provided,SLV,-2.2539035089351107
2021-08-31,provided,SLV,-3.182055715996783
2021-09-30,provided,SLV,-3.4477077329717782
2021-10-31,provided,SLV,-3.3842376602325164
2021-11-30,provided,SLV,-3.770163141706657
2021-12-31,provided,SLV,-4.0189654541908855
2022-01-31,provided,SLV,-3.8216324592202318
2022-02-28,provided,SLV,-2.6514604002676707
2022-03-31,provided,SLV,-2.9124232532584577
2022-04-30,provided,SLV,-2.838926561972252
2022-05-31,provided,SLV,-3.4318412390772144
2022-06-30,provided,SLV,-3.212077567804917
2022-07-31,provided,SLV,-4.100762171253834
2022-08-31,provided,SLV,-4.826433123203945
2022-09-30,provided,SLV,-3.3470900131657295
2022-10-31,provided,SLV,-4.091273438403455
2022-11-30,provided,SLV,-3.0524110126301576
2022-12-31,provided,SLV,-1.6978590005684322
2023-01-31,provided,SLV,-2.4130184044967473
2023-02-28,provided,SLV,-3.35719608558704
2023-03-31,provided,SLV,-2.2191272186423876
2023-04-30,provided,SLV,-1.9810452321212861
2023-05-31,provided,SLV,-2.6315571021877164
2023-06-30,provided,SLV,-3.612733087823641
2023-07-31,provided,SLV,-3.078410255114577
2023-08-31,provided,SLV,-3.0481067840343616
2023-09-30,provided,SLV,-3.4893497638230846
2023-10-31,provided,SLV,-2.957611780825757
2023-11-30,provided,SLV,-2.8462650453781397
2023-12-31,provided,SLV,-3.886475952629162
2024-01-31,provided,SLV,-4.445188575997608
2024-02-29,provided,SLV,-5.053141595041291
2024-03-31,provided,SLV,-4.405725910813916
2024-04-30,provided,SLV,-3.4311037113164877
2024-05-31,provided,SLV,-2.3942784303311204
2024-06-30,provided,SLV,-3.1757551683849123
2024-07-31,provided,SLV,-3.3645908773842312
2024-08-31,provided,SLV,-3.613405170100253
2024-09-30,provided,SLV,-3.041668371175251
2024-10-31,provided,SLV,-2.459646712979935
2024-11-30,provided,SLV,-3.6899995570471336
2024-12-31,provided,SLV,-4.018882171410175
2025-01-31,provided,SLV,-3.459491518819011
2025-02-28,provided,SLV,-3.4026952452292107
2025-03-31,provided,SLV,-1.8988410983174255
2025-04-30,provided,SLV,-2.2606710268236996
2025-05-31,provided,SLV,-2.7539864687514837
2025-06-30,provided,SLV,-2.3311794901575045
2025-07-31,provided,SLV,-2.406055080698599
2025-08-31,provided,SLV,-1.7499056960011508
2025-09-30,provided,SLV,-0.39845584064873496
2025-10-31,provided,SLV,-0.24976359019707198
2025-11-30,provided,SLV,1.3667284164646418
2025-12-31,provided,SLV,3.938327556112737
2026-01-31,provided,SLV,5.501599846371172
2026-02-28,provided,SLV,6.853925462820095
2026-03-31,provided,SLV,5.365135072348168
2026-04-30,provided,SLV,4.097408946160434
2026-05-31,provided,SLV,3.821676179841873
2026-06-30,provided,SLV,1.7498615820023864
2026-07-31,provided,SLV,1.5387866380649193
2015-11-30,provided,AIA,-0.44636414003829333
2015-12-31,provided,AIA,-0.5827024284289649
2016-01-31,provided,AIA,-1.0069456894752546
2016-02-29,provided,AIA,-0.9868610358016543
2016-03-31,provided,AIA,-0.31849092578034083
2016-04-30,provided,AIA,-0.536784787678044
2016-05-31,provided,AIA,-0.8199309526968495
2016-06-30,provided,AIA,-0.13948430730314756
2016-07-31,provided,AIA,0.15983904447972214
2016-08-31,provided,AIA,0.49477931350189464
2016-09-30,provided,AIA,1.0561422063052
2016-10-31,provided,AIA,0.995835695709304
2016-11-30,provided,AIA,0.24134034121973186
2016-12-31,provided,AIA,-0.4665846600034578
2017-01-31,provided,AIA,0.42307770600118866
2017-02-28,provided,AIA,0.13485466866910048
2017-03-31,provided,AIA,0.6179738948660557
2017-04-30,provided,AIA,0.8233006068498065
2017-05-31,provided,AIA,1.2618393527624399
2017-06-30,provided,AIA,1.5087762584961277
2017-07-31,provided,AIA,1.9954648864633933
2017-08-31,provided,AIA,2.15851274151557
2017-09-30,provided,AIA,1.9398375772937597
2017-10-31,provided,AIA,2.3954001175944977
2017-11-30,provided,AIA,2.1572262071917216
2017-12-31,provided,AIA,2.248606430056988
2018-01-31,provided,AIA,2.7092482998191816
2018-02-28,provided,AIA,2.2600839075632315
2018-03-31,provided,AIA,2.948727338070127
2018-04-30,provided,AIA,2.6514900558468746
2018-05-31,provided,AIA,2.0973223833889114
2018-06-30,provided,AIA,1.2632708972373894
2018-07-31,provided,AIA,0.8962987450980074
2018-08-31,provided,AIA,0.25470853060361504
2018-09-30,provided,AIA,0.07966646051393242
2018-10-31,provided,AIA,-0.6781149665951308
2018-11-30,provided,AIA,-0.2015854510328624
2018-12-31,provided,AIA,0.740758636628972
2019-01-31,provided,AIA,0.988233768662795
2019-02-28,provided,AIA,0.4846824682312445
2019-03-31,provided,AIA,0.35433791147996163
2019-04-30,provided,AIA,0.24203978840287244
2019-05-31,provided,AIA,-0.25676304793485094
2019-06-30,provided,AIA,-0.07565977168487895
2019-07-31,provided,AIA,-0.6868829608310496
2019-08-31,provided,AIA,-1.2147582377415236
2019-09-30,provided,AIA,-0.9658943507345443
2019-10-31,provided,AIA,-0.6527370199506812
2019-11-30,provided,AIA,-1.0975973527789975
2019-12-31,provided,AIA,-0.18274966507903745
2020-01-31,provided,AIA,-1.0516962835764598
2020-02-29,provided,AIA,0.0754582340531322
2020-03-31,provided,AIA,0.4485256827556575
2020-04-30,provided,AIA,-0.45461375823711536
2020-05-31,provided,AIA,-1.1768646195223889
2020-06-30,provided,AIA,0.013217596650030167
2020-07-31,provided,AIA,0.20918293080529046
2020-08-31,provided,AIA,-0.3138316163635181
2020-09-30,provided,AIA,0.21032365228213817
2020-10-31,provided,AIA,1.0939345235220679
2020-11-30,provided,AIA,0.9671283774007614
2020-12-31,provided,AIA,1.5481367117098435
2021-01-31,provided,AIA,2.8194973746513337
2021-02-28,provided,AIA,2.5721598194954436
2021-03-31,provided,AIA,1.487390234596349
2021-04-30,provided,AIA,0.698611300948087
2021-05-31,provided,AIA,0.4537190383137378
2021-06-30,provided,AIA,0.24788676145722097
2021-07-31,provided,AIA,-1.3785345128718007
2021-08-31,provided,AIA,-1.9768041886591223
2021-09-30,provided,AIA,-2.162197690322837
2021-10-31,provided,AIA,-2.8674668279001407
2021-11-30,provided,AIA,-3.4031127733882642
2021-12-31,provided,AIA,-3.9471839525958354
2022-01-31,provided,AIA,-2.9914883903920435
2022-02-28,provided,AIA,-3.5215998273726914
2022-03-31,provided,AIA,-4.862603427334997
2022-04-30,provided,AIA,-4.4662192990283005
2022-05-31,provided,AIA,-4.218331885397119
2022-06-30,provided,AIA,-3.5315989184774197
2022-07-31,provided,AIA,-5.493879622995403
2022-08-31,provided,AIA,-5.157924455531171
2022-09-30,provided,AIA,-6.122588679107505
2022-10-31,provided,AIA,-8.573691581416481
2022-11-30,provided,AIA,-5.354750799216014
2022-12-31,provided,AIA,-4.6247944597914925
2023-01-31,provided,AIA,-3.4241155408787063
2023-02-28,provided,AIA,-4.550447582237072
2023-03-31,provided,AIA,-4.196586584827763
2023-04-30,provided,AIA,-5.2069297671071855
2023-05-31,provided,AIA,-5.490791103893324
2023-06-30,provided,AIA,-5.881930621259011
2023-07-31,provided,AIA,-5.4314969793596655
2023-08-31,provided,AIA,-6.440676768578663
2023-09-30,provided,AIA,-6.3985252799440495
2023-10-31,provided,AIA,-6.478666591433615
2023-11-30,provided,AIA,-6.889602650981143
2023-12-31,provided,AIA,-7.159679420237162
2024-01-31,provided,AIA,-8.34820498867768
2024-02-29,provided,AIA,-8.324378793714885
2024-03-31,provided,AIA,-7.900016875183146
2024-04-30,provided,AIA,-7.127212902411251
2024-05-31,provided,AIA,-7.235961019956242
2024-06-30,provided,AIA,-6.95792443044693
2024-07-31,provided,AIA,-7.2043772899354765
2024-08-31,provided,AIA,-7.424660609293679
2024-09-30,provided,AIA,-6.653680493063891
2024-10-31,provided,AIA,-6.679618334567013
2024-11-30,provided,AIA,-8.050282542980899
2024-12-31,provided,AIA,-7.6732629829029255
2025-01-31,provided,AIA,-7.624977764543255
2025-02-28,provided,AIA,-6.70463158910479
2025-03-31,provided,AIA,-6.057187244060785
2025-04-30,provided,AIA,-6.40398235288039
2025-05-31,provided,AIA,-6.357366148572958
2025-06-30,provided,AIA,-5.674230359152199
2025-07-31,provided,AIA,-5.6311005215434164
2025-08-31,provided,AIA,-5.632255286502341
2025-09-30,provided,AIA,-4.44490471171413
2025-10-31,provided,AIA,-4.1095464523246115
2025-11-30,provided,AIA,-4.695026223373127
2025-12-31,provided,AIA,-4.091641009306092
2026-01-31,provided,AIA,-2.4898176622501116
2026-02-28,provided,AIA,-1.1723687165420942
2026-03-31,provided,AIA,-1.9403174965836816
2026-04-30,provided,AIA,-0.9400358036937476
2026-05-31,provided,AIA,0.43531535690452383
2026-06-30,provided,AIA,0.5738381989115194
2026-07-31,provided,AIA,-0.29966029722267074
2015-11-30,provided,XLE,-0.057035876187701
2015-12-31,provided,XLE,-1.3753368402171222
2016-01-31,provided,XLE,-1.1532352750293584
2016-02-29,provided,XLE,-1.5608815503706963
2016-03-31,provided,XLE,-1.044986253065494
2016-04-30,provided,XLE,0.2555678404670992
2016-05-31,provided,XLE,-0.13960366019634293
2016-06-30,provided,XLE,0.21636739864201726
2016-07-31,provided,XLE,-0.5197441081731896
2016-08-31,provided,XLE,-0.2861484847047985
2016-09-30,provided,XLE,0.26621564296696876
2016-10-31,provided,XLE,0.1035221712521678
2016-11-30,provided,XLE,0.8209855285081996
2016-12-31,provided,XLE,0.7765228454007839
2017-01-31,provided,XLE,0.026154541615704997
2017-02-28,provided,XLE,-0.8759697473481465
2017-03-31,provided,XLE,-1.1176228940724153
2017-04-30,provided,XLE,-1.7085814040702696
2017-05-31,provided,XLE,-2.450928380282124
2017-06-30,provided,XLE,-2.563305872765089
2017-07-31,provided,XLE,-2.4788240365450447
2017-08-31,provided,XLE,-3.344413344397992
2017-09-30,provided,XLE,-2.119303697589798
2017-10-31,provided,XLE,-2.5976251306940688
2017-11-30,provided,XLE,-2.7932649797149343
2017-12-31,provided,XLE,-2.184768949705128
2018-01-31,provided,XLE,-2.492517413843371
2018-02-28,provided,XLE,-3.57236446317399
2018-03-31,provided,XLE,-2.9027500395568726
2018-04-30,provided,XLE,-1.5561503516916253
2018-05-31,provided,XLE,-1.471653062648427
2018-06-30,provided,XLE,-1.4724916509767019
2018-07-31,provided,XLE,-1.7951133639474517
2018-08-31,provided,XLE,-2.79517623209387
2018-09-30,provided,XLE,-2.5174602407617575
2018-10-31,provided,XLE,-3.1801353818428377
2018-11-30,provided,XLE,-3.692886009663923
2018-12-31,provided,XLE,-4.238034618956032
2019-01-31,provided,XLE,-3.7572476676018733
2019-02-28,provided,XLE,-3.8977608452715535
2019-03-31,provided,XLE,-3.8500521993937706
2019-04-30,provided,XLE,-4.465110589771794
2019-05-31,provided,XLE,-5.1739520565731985
2019-06-30,provided,XLE,-4.808466598231746
2019-07-31,provided,XLE,-5.2730620573226155
2019-08-31,provided,XLE,-6.2707180996082394
2019-09-30,provided,XLE,-5.972434616433235
2019-10-31,provided,XLE,-6.61819329831528
2019-11-30,provided,XLE,-6.920487377415498
2019-12-31,provided,XLE,-6.452382160213276
2020-01-31,provided,XLE,-8.095229738553662
2020-02-29,provided,XLE,-9.200965754312088
2020-03-31,provided,XLE,-12.483541943225157
2020-04-30,provided,XLE,-9.773704267436198
2020-05-31,provided,XLE,-10.188379528990527
2020-06-30,provided,XLE,-10.618731260327367
2020-07-31,provided,XLE,-12.22338523076691
2020-08-31,provided,XLE,-13.428533478428628
2020-09-30,provided,XLE,-15.057871791051902
2020-10-31,provided,XLE,-15.299895992175392
2020-11-30,provided,XLE,-12.732380811041121
2020-12-31,provided,XLE,-12.616088356756611
2021-01-31,provided,XLE,-11.901228040659994
2021-02-28,provided,XLE,-8.949797781221866
2021-03-31,provided,XLE,-9.185134862730315
2021-04-30,provided,XLE,-9.877900648430987
2021-05-31,provided,XLE,-9.119942009999347
2021-06-30,provided,XLE,-8.821262163954781
2021-07-31,provided,XLE,-10.434895148545046
2021-08-31,provided,XLE,-11.181959239170492
2021-09-30,provided,XLE,-9.143153740831702
2021-10-31,provided,XLE,-8.64636905350103
2021-11-30,provided,XLE,-9.277540514057202
2021-12-31,provided,XLE,-9.523747913234423
2022-01-31,provided,XLE,-5.91641446836243
2022-02-28,provided,XLE,-4.413282186441422
2022-03-31,provided,XLE,-3.5763456014698165
2022-04-30,provided,XLE,-2.512952491371384
2022-05-31,provided,XLE,-0.14161931262345745
2022-06-30,provided,XLE,-1.4657342768346924
2022-07-31,provided,XLE,-1.3975979551743132
2022-08-31,provided,XLE,-0.3877167221309822
2022-09-30,provided,XLE,-0.4348343219811616
2022-10-31,provided,XLE,2.090826190202408
2022-11-30,provided,XLE,1.4486191500779437
2022-12-31,provided,XLE,1.8557045050742083
2023-01-31,provided,XLE,1.3342534128504244
2023-02-28,provided,XLE,0.6705811788107223
2023-03-31,provided,XLE,0.11521370078486134
2023-04-30,provided,XLE,0.29210432248622686
2023-05-31,provided,XLE,-1.2818984698481715
2023-06-30,provided,XLE,-1.2168845718968588
2023-07-31,provided,XLE,-0.5418142206561037
2023-08-31,provided,XLE,-0.05112091011658035
2023-09-30,provided,XLE,1.0208918567570464
2023-10-31,provided,XLE,0.48359620199277653
2023-11-30,provided,XLE,-0.9939694086140864
2023-12-31,provided,XLE,-1.6672243266372493
2024-01-31,provided,XLE,-1.9830479235199558
2024-02-29,provided,XLE,-2.2749074626293853
2024-03-31,provided,XLE,-1.19247681601334
2024-04-30,provided,XLE,-0.729091047039601
2024-05-31,provided,XLE,-1.539110121103815
2024-06-30,provided,XLE,-2.280439879410106
2024-07-31,provided,XLE,-2.123071497196173
2024-08-31,provided,XLE,-2.784148107993371
2024-09-30,provided,XLE,-3.551933486578301
2024-10-31,provided,XLE,-3.283109225391781
2024-11-30,provided,XLE,-3.0025404321217115
2024-12-31,provided,XLE,-4.078573112706365
2025-01-31,provided,XLE,-4.134699159736225
2025-02-28,provided,XLE,-3.3691968852536323
2025-03-31,provided,XLE,-2.009425686408734
2025-04-30,provided,XLE,-3.9580244492301353
2025-05-31,provided,XLE,-4.708776364061105
2025-06-30,provided,XLE,-4.749174804099477
2025-07-31,provided,XLE,-4.6701698633871285
2025-08-31,provided,XLE,-4.431006288372525
2025-09-30,provided,XLE,-5.0130416666257025
2025-10-31,provided,XLE,-5.573760180366201
2025-11-30,provided,XLE,-5.2081385826508315
2025-12-31,provided,XLE,-5.264503500880517
2026-01-31,provided,XLE,-3.3585293205150677
2026-02-28,provided,XLE,-1.7979505555341557
2026-03-31,provided,XLE,0.4825120464923449
2026-04-30,provided,XLE,-1.4874987752806272
2026-05-31,provided,XLE,-3.121813627033573
2026-06-30,provided,XLE,-3.712757810349703
2026-07-31,provided,XLE,-1.8991144031823188
2015-11-30,optimized,QQQ,0.05354803074510351
2015-12-31,optimized,QQQ,0.08293001134425093
2016-01-31,optimized,QQQ,-0.3422518299928499
2016-02-29,optimized,QQQ,-0.6685975524932356
2016-03-31,optimized,QQQ,-0.6408654504234198
2016-04-30,optimized,QQQ,-1.4290321288606036
2016-05-31,optimized,QQQ,-0.8416110538977329
2016-06-30,optimized,QQQ,-1.4195050761647277
2016-07-31,optimized,QQQ,-0.6483469924721691
2016-08-31,optimized,QQQ,-0.4435856259680808
2016-09-30,optimized,QQQ,0.042340489788622246
2016-10-31,optimized,QQQ,0.10320407384313288
2016-11-30,optimized,QQQ,-0.6116669358480075
2016-12-31,optimized,QQQ,-0.8086443369645081
2017-01-31,optimized,QQQ,-0.07116819262842
2017-02-28,optimized,QQQ,0.02697380647930562
2017-03-31,optimized,QQQ,0.4455782353606059
2017-04-30,optimized,QQQ,0.827310073463364
2017-05-31,optimized,QQQ,1.374492222599235
2017-06-30,optimized,QQQ,0.7239931646348363
2017-07-31,optimized,QQQ,1.1655016079682146
2017-08-31,optimized,QQQ,1.5576774908232984
2017-09-30,optimized,QQQ,1.0492136570637127
2017-10-31,optimized,QQQ,1.5444237387865087
2017-11-30,optimized,QQQ,1.3056509709924837
2017-12-31,optimized,QQQ,1.1714655580326068
2018-01-31,optimized,QQQ,1.8584328238767698
2018-02-28,optimized,QQQ,2.374174441392798
2018-03-31,optimized,QQQ,2.0797279687288266
2018-04-30,optimized,QQQ,2.0773160164763484
2018-05-31,optimized,QQQ,2.7908890530855337
2018-06-30,optimized,QQQ,2.9163313213342836
2018-07-31,optimized,QQQ,2.716420972744983
2018-08-31,optimized,QQQ,3.2861875355386037
2018-09-30,optimized,QQQ,3.093355125665697
2018-10-31,optimized,QQQ,2.722406320033783
2018-11-30,optimized,QQQ,2.255811198222399
2018-12-31,optimized,QQQ,2.287534745436314
2019-01-31,optimized,QQQ,2.5085680688626963
2019-02-28,optimized,QQQ,2.453456343364859
2019-03-31,optimized,QQQ,2.918862103576197
2019-04-30,optimized,QQQ,3.230084959620108
2019-05-31,optimized,QQQ,2.8233274687247945
2019-06-30,optimized,QQQ,2.962312104129051
2019-07-31,optimized,QQQ,3.143414455213387
2019-08-31,optimized,QQQ,3.0938434421540926
2019-09-30,optimized,QQQ,2.867608163013693
2019-10-31,optimized,QQQ,3.345141482582402
2019-11-30,optimized,QQQ,3.4440898752925833
2019-12-31,optimized,QQQ,3.6599768868583378
2020-01-31,optimized,QQQ,4.337611090288653
2020-02-29,optimized,QQQ,4.746816037114657
2020-03-31,optimized,QQQ,5.891620716696284
2020-04-30,optimized,QQQ,6.392437051876784
2020-05-31,optimized,QQQ,6.79661368509825
2020-06-30,optimized,QQQ,7.789976225857048
2020-07-31,optimized,QQQ,8.110716618145936
2020-08-31,optimized,QQQ,8.983437637267695
2020-09-30,optimized,QQQ,8.535696190033097
2020-10-31,optimized,QQQ,8.414301600852507
2020-11-30,optimized,QQQ,8.490913224564329
2020-12-31,optimized,QQQ,8.754500963843238
2021-01-31,optimized,QQQ,9.036323564680112
2021-02-28,optimized,QQQ,8.394930334148148
2021-03-31,optimized,QQQ,7.773556629926404
2021-04-30,optimized,QQQ,7.9097399142850815
2021-05-31,optimized,QQQ,7.500837699375838
2021-06-30,optimized,QQQ,8.385510906588891
2021-07-31,optimized,QQQ,8.477880523589718
2021-08-31,optimized,QQQ,8.751395774736755
2021-09-30,optimized,QQQ,8.526319339009888
2021-10-31,optimized,QQQ,8.712883508798098
2021-11-30,optimized,QQQ,9.329238853554205
2021-12-31,optimized,QQQ,8.564956435812213
2022-01-31,optimized,QQQ,7.800571386734659
2022-02-28,optimized,QQQ,7.465084609222206
2022-03-31,optimized,QQQ,7.665122582157771
2022-04-30,optimized,QQQ,6.604497891247921
2022-05-31,optimized,QQQ,6.205603849899986
2022-06-30,optimized,QQQ,6.059929674414562
2022-07-31,optimized,QQQ,6.795725660340819
2022-08-31,optimized,QQQ,6.564180726682803
2022-09-30,optimized,QQQ,6.280039320547331
2022-10-31,optimized,QQQ,5.3715309584912925
2022-11-30,optimized,QQQ,5.368231731882334
2022-12-31,optimized,QQQ,4.652728929764588
2023-01-31,optimized,QQQ,5.611087376818623
2023-02-28,optimized,QQQ,6.085285906953348
2023-03-31,optimized,QQQ,7.358552194915161
2023-04-30,optimized,QQQ,7.1187314073118655
2023-05-31,optimized,QQQ,8.752349853124796
2023-06-30,optimized,QQQ,8.713586523843626
2023-07-31,optimized,QQQ,8.842735567891761
2023-08-31,optimized,QQQ,8.874027404306204
2023-09-30,optimized,QQQ,8.799984247809581
2023-10-31,optimized,QQQ,8.823184678095698
2023-11-30,optimized,QQQ,9.193924932540584
2023-12-31,optimized,QQQ,9.418738636319631
2024-01-31,optimized,QQQ,9.46860838570257
2024-02-29,optimized,QQQ,9.482840275472658
2024-03-31,optimized,QQQ,9.043694562330607
2024-04-30,optimized,QQQ,8.968457813057714
2024-05-31,optimized,QQQ,9.209216577632851
2024-06-30,optimized,QQQ,9.856772868290864
2024-07-31,optimized,QQQ,9.220903927767319
2024-08-31,optimized,QQQ,8.949582792507863
2024-09-30,optimized,QQQ,9.06428483739931
2024-10-31,optimized,QQQ,9.07039178312732
2024-11-30,optimized,QQQ,8.935568671755421
2024-12-31,optimized,QQQ,9.565066176714133
2025-01-31,optimized,QQQ,9.45012047654204
2025-02-28,optimized,QQQ,9.134502487675029
2025-03-31,optimized,QQQ,8.691163070110242
2025-04-30,optimized,QQQ,9.189433138648445
2025-05-31,optimized,QQQ,9.8263558499318
2025-06-30,optimized,QQQ,10.100874506272087
2025-07-31,optimized,QQQ,10.12740217337468
2025-08-31,optimized,QQQ,9.885735134316844
2025-09-30,optimized,QQQ,10.285035414942312
2025-10-31,optimized,QQQ,10.812535775331899
2025-11-30,optimized,QQQ,10.426035586409645
2025-12-31,optimized,QQQ,10.261029638013541
2026-01-31,optimized,QQQ,10.207517561903257
2026-02-28,optimized,QQQ,9.881695856615904
2026-03-31,optimized,QQQ,9.903639273464721
2026-04-30,optimized,QQQ,11.044814704397075
2026-05-31,optimized,QQQ,12.212645329919848
2026-06-30,optimized,QQQ,12.406371377484875
2026-07-31,optimized,QQQ,10.951798640897948
2015-11-30,optimized,SPMO,0.28156673115076675
2015-12-31,optimized,SPMO,0.11765781013262219
2016-01-31,optimized,SPMO,0.5348264291501365
2016-02-29,optimized,SPMO,0.4843898070672321
2016-03-31,optimized,SPMO,-0.08498794660070025
2016-04-30,optimized,SPMO,-0.040620410029665946
2016-05-31,optimized,SPMO,-0.7438907837410703
2016-06-30,optimized,SPMO,-1.1294657208368963
2016-07-31,optimized,SPMO,-0.6224861371753364
2016-08-31,optimized,SPMO,-0.6731385491464648
2016-09-30,optimized,SPMO,-0.46581650142576414
2016-10-31,optimized,SPMO,-0.5201136115720035
2016-11-30,optimized,SPMO,-2.3423623420710404
2016-12-31,optimized,SPMO,-1.792002155194021
2017-01-31,optimized,SPMO,-2.1626308054635426
2017-02-28,optimized,SPMO,-2.139319427712085
2017-03-31,optimized,SPMO,-2.9867058030169513
2017-04-30,optimized,SPMO,-2.3019356668770428
2017-05-31,optimized,SPMO,-2.1143156909924126
2017-06-30,optimized,SPMO,-1.735346138633605
2017-07-31,optimized,SPMO,-1.6207391851892325
2017-08-31,optimized,SPMO,-1.294044995201635
2017-09-30,optimized,SPMO,-1.6337223900577185
2017-10-31,optimized,SPMO,0.6597786664722882
2017-11-30,optimized,SPMO,0.47240207553096464
2017-12-31,optimized,SPMO,0.3873804697180155
2018-01-31,optimized,SPMO,1.0887721791256015
2018-02-28,optimized,SPMO,2.4145738720861907
2018-03-31,optimized,SPMO,1.901482527416815
2018-04-30,optimized,SPMO,2.280910570206185
2018-05-31,optimized,SPMO,2.924709031517233
2018-06-30,optimized,SPMO,2.676452488912658
2018-07-31,optimized,SPMO,2.6050300437773237
2018-08-31,optimized,SPMO,3.14033475047582
2018-09-30,optimized,SPMO,3.4669104138025237
2018-10-31,optimized,SPMO,2.2421812957099245
2018-11-30,optimized,SPMO,2.1286261153089923
2018-12-31,optimized,SPMO,2.157992841293701
2019-01-31,optimized,SPMO,2.644034040095584
2019-02-28,optimized,SPMO,2.9360227640137952
2019-03-31,optimized,SPMO,3.3613917340283304
2019-04-30,optimized,SPMO,2.0708389477371267
2019-05-31,optimized,SPMO,3.720185628774292
2019-06-30,optimized,SPMO,2.81851333593411
2019-07-31,optimized,SPMO,2.5432353278368987
2019-08-31,optimized,SPMO,3.089473766518349
2019-09-30,optimized,SPMO,2.3968991861017797
2019-10-31,optimized,SPMO,1.3485126367534155
2019-11-30,optimized,SPMO,0.6502986892029576
2019-12-31,optimized,SPMO,0.2601272488098582
2020-01-31,optimized,SPMO,1.5486450941916454
2020-02-29,optimized,SPMO,1.3895545182108
2020-03-31,optimized,SPMO,3.0560568327515103
2020-04-30,optimized,SPMO,2.3840120376876057
2020-05-31,optimized,SPMO,3.2436751227096305
2020-06-30,optimized,SPMO,3.582406380728721
2020-07-31,optimized,SPMO,4.333090153957917
2020-08-31,optimized,SPMO,4.972960144306581
2020-09-30,optimized,SPMO,5.702551180985684
2020-10-31,optimized,SPMO,4.94539062877358
2020-11-30,optimized,SPMO,3.599220084274783
2020-12-31,optimized,SPMO,3.309604388162718
2021-01-31,optimized,SPMO,3.816496645444366
2021-02-28,optimized,SPMO,2.0310028369711755
2021-03-31,optimized,SPMO,0.8093687347188526
2021-04-30,optimized,SPMO,0.8399654836947731
2021-05-31,optimized,SPMO,0.22922720295471882
2021-06-30,optimized,SPMO,2.315202990260104
2021-07-31,optimized,SPMO,2.2249662674169897
2021-08-31,optimized,SPMO,2.9087043191371764
2021-09-30,optimized,SPMO,2.854029715842017
2021-10-31,optimized,SPMO,3.003542989622428
2021-11-30,optimized,SPMO,2.112301280359162
2021-12-31,optimized,SPMO,1.2826437312744505
2022-01-31,optimized,SPMO,0.8211042190295241
2022-02-28,optimized,SPMO,1.2069811958496302
2022-03-31,optimized,SPMO,1.1209680913274642
2022-04-30,optimized,SPMO,1.2264871422467505
2022-05-31,optimized,SPMO,1.7888632393407187
2022-06-30,optimized,SPMO,1.812699242286833
2022-07-31,optimized,SPMO,1.2625660000105672
2022-08-31,optimized,SPMO,1.738601157203792
2022-09-30,optimized,SPMO,2.6983953516861297
2022-10-31,optimized,SPMO,5.004431382139467
2022-11-30,optimized,SPMO,3.99305016555397
2022-12-31,optimized,SPMO,5.092523012197453
2023-01-31,optimized,SPMO,2.2393032007623703
2023-02-28,optimized,SPMO,1.3721300404833914
2023-03-31,optimized,SPMO,0.5504868072338224
2023-04-30,optimized,SPMO,1.1002724214526542
2023-05-31,optimized,SPMO,-1.423939386467043
2023-06-30,optimized,SPMO,-1.6083545287536316
2023-07-31,optimized,SPMO,-2.248774327916089
2023-08-31,optimized,SPMO,-0.5607192096851513
2023-09-30,optimized,SPMO,0.923795024524515
2023-10-31,optimized,SPMO,0.9987423236192811
2023-11-30,optimized,SPMO,1.286480369800068
2023-12-31,optimized,SPMO,2.1089621362983744
2024-01-31,optimized,SPMO,3.8206442134703007
2024-02-29,optimized,SPMO,6.472886387648844
2024-03-31,optimized,SPMO,6.849646917292561
2024-04-30,optimized,SPMO,6.250983864809359
2024-05-31,optimized,SPMO,7.217540950273641
2024-06-30,optimized,SPMO,8.898696214193025
2024-07-31,optimized,SPMO,7.680617140736729
2024-08-31,optimized,SPMO,8.29066565277174
2024-09-30,optimized,SPMO,8.093758810067007
2024-10-31,optimized,SPMO,8.555138774871207
2024-11-30,optimized,SPMO,8.831767675889822
2024-12-31,optimized,SPMO,9.138362289723045
2025-01-31,optimized,SPMO,10.241546758077881
2025-02-28,optimized,SPMO,10.676959216674241
2025-03-31,optimized,SPMO,10.027299298719813
2025-04-30,optimized,SPMO,11.326355664247346
2025-05-31,optimized,SPMO,13.489305984019554
2025-06-30,optimized,SPMO,14.263629274783874
2025-07-31,optimized,SPMO,14.50039238124492
2025-08-31,optimized,SPMO,13.921389944262666
2025-09-30,optimized,SPMO,14.147172546025416
2025-10-31,optimized,SPMO,13.362640925363403
2025-11-30,optimized,SPMO,12.731123749643874
2025-12-31,optimized,SPMO,12.51825872281509
2026-01-31,optimized,SPMO,12.089926886814538
2026-02-28,optimized,SPMO,12.314280198358691
2026-03-31,optimized,SPMO,11.909514501358615
2026-04-30,optimized,SPMO,15.645023680693685
2026-05-31,optimized,SPMO,18.729902475632485
2026-06-30,optimized,SPMO,22.30994245127071
2026-07-31,optimized,SPMO,17.65876635431175
2015-11-30,optimized,GDX,-0.16206903221322497
2015-12-31,optimized,GDX,-0.11776292736937925
2016-01-31,optimized,GDX,0.04745981824057553
2016-02-29,optimized,GDX,0.7521197360312912
2016-03-31,optimized,GDX,0.6809650504507833
2016-04-30,optimized,GDX,1.2403942652324225
2016-05-31,optimized,GDX,0.964380640463908
2016-06-30,optimized,GDX,1.3966916837963712
2016-07-31,optimized,GDX,1.5270566743268865
2016-08-31,optimized,GDX,1.2025684960611065
2016-09-30,optimized,GDX,1.2737191479616752
2016-10-31,optimized,GDX,1.1675733541665374
2016-11-30,optimized,GDX,0.8055797800510195
2016-12-31,optimized,GDX,0.7803661590687201
2017-01-31,optimized,GDX,1.0238236589905305
2017-02-28,optimized,GDX,0.8606840180826907
2017-03-31,optimized,GDX,0.8548856954690813
2017-04-30,optimized,GDX,0.7865680408383924
2017-05-31,optimized,GDX,0.7992829966732532
2017-06-30,optimized,GDX,0.7350127114339128
2017-07-31,optimized,GDX,0.7635581774822106
2017-08-31,optimized,GDX,0.9151502538907212
2017-09-30,optimized,GDX,0.7386310615934424
2017-10-31,optimized,GDX,0.652696740944066
2017-11-30,optimized,GDX,0.5927713868911557
2017-12-31,optimized,GDX,0.6516802584912197
2018-01-31,optimized,GDX,0.5851780252961718
2018-02-28,optimized,GDX,0.4601662658094183
2018-03-31,optimized,GDX,0.5701561431099564
2018-04-30,optimized,GDX,0.5865442486654721
2018-05-31,optimized,GDX,0.544773673395908
2018-06-30,optimized,GDX,0.5310653661789507
2018-07-31,optimized,GDX,0.37026166110009223
2018-08-31,optimized,GDX,0.060671356436422116
2018-09-30,optimized,GDX,0.04605816149247336
2018-10-31,optimized,GDX,0.22237455902587405
2018-11-30,optimized,GDX,0.2028631433038088
2018-12-31,optimized,GDX,0.5867567401524465
2019-01-31,optimized,GDX,0.57864016230153
2019-02-28,optimized,GDX,0.47767486929983166
2019-03-31,optimized,GDX,0.45833742081720547
2019-04-30,optimized,GDX,0.24752099254781407
2019-05-31,optimized,GDX,0.4355056168842149
2019-06-30,optimized,GDX,0.6563708415620596
2019-07-31,optimized,GDX,0.6982201522607363
2019-08-31,optimized,GDX,0.9755893383652247
2019-09-30,optimized,GDX,0.7341351745656308
2019-10-31,optimized,GDX,0.7956013402709526
2019-11-30,optimized,GDX,0.6521987337413783
2019-12-31,optimized,GDX,0.7678563669976842
2020-01-31,optimized,GDX,0.7494969885228093
2020-02-29,optimized,GDX,0.7178361903391082
2020-03-31,optimized,GDX,0.7247732399254139
2020-04-30,optimized,GDX,1.2526877301188712
2020-05-31,optimized,GDX,1.2840135446299128
2020-06-30,optimized,GDX,1.3826245160041633
2020-07-31,optimized,GDX,1.5986148427860218
2020-08-31,optimized,GDX,1.4335879315310873
2020-09-30,optimized,GDX,1.3637682225862222
2020-10-31,optimized,GDX,1.3295416025076425
2020-11-30,optimized,GDX,0.9744998894824007
2020-12-31,optimized,GDX,0.9880528712063359
2021-01-31,optimized,GDX,0.9267361619638229
2021-02-28,optimized,GDX,0.6837396251780807
2021-03-31,optimized,GDX,0.6810531387821227
2021-04-30,optimized,GDX,0.6894012533447536
2021-05-31,optimized,GDX,0.9612875607454737
2021-06-30,optimized,GDX,0.6512745742432453
2021-07-31,optimized,GDX,0.6575567704098348
2021-08-31,optimized,GDX,0.4716642773045183
2021-09-30,optimized,GDX,0.376190293248294
2021-10-31,optimized,GDX,0.38748667887937466
2021-11-30,optimized,GDX,0.40849800149030946
2021-12-31,optimized,GDX,0.36714050351129124
2022-01-31,optimized,GDX,0.36046202266315736
2022-02-28,optimized,GDX,0.6827834247852547
2022-03-31,optimized,GDX,0.8332866226937783
2022-04-30,optimized,GDX,0.8335860336841567
2022-05-31,optimized,GDX,0.6491830863008154
2022-06-30,optimized,GDX,0.5436078114499835
2022-07-31,optimized,GDX,0.2873167139533487
2022-08-31,optimized,GDX,0.1844709310126653
2022-09-30,optimized,GDX,0.3890956845604747
2022-10-31,optimized,GDX,0.23524285945322293
2022-11-30,optimized,GDX,0.5189376788790087
2022-12-31,optimized,GDX,0.6366234909389482
2023-01-31,optimized,GDX,0.7416482172190838
2023-02-28,optimized,GDX,0.5180553530460689
2023-03-31,optimized,GDX,0.7863857940830965
2023-04-30,optimized,GDX,0.8289898658345136
2023-05-31,optimized,GDX,0.66642001783935
2023-06-30,optimized,GDX,0.4911869885176898
2023-07-31,optimized,GDX,0.511364254646554
2023-08-31,optimized,GDX,0.41049757630480277
2023-09-30,optimized,GDX,0.3469599750116965
2023-10-31,optimized,GDX,0.46790121179274097
2023-11-30,optimized,GDX,0.5197442180447227
2023-12-31,optimized,GDX,0.4438095137497251
2024-01-31,optimized,GDX,0.2217244658362388
2024-02-29,optimized,GDX,0.011600740064347196
2024-03-31,optimized,GDX,0.33400952235061065
2024-04-30,optimized,GDX,0.5042042695640236
2024-05-31,optimized,GDX,0.533035790126152
2024-06-30,optimized,GDX,0.38986302363018843
2024-07-31,optimized,GDX,0.5942744039020872
2024-08-31,optimized,GDX,0.5842754013699514
2024-09-30,optimized,GDX,0.6037298153709906
2024-10-31,optimized,GDX,0.6462088765780247
2024-11-30,optimized,GDX,0.4025922702037614
2024-12-31,optimized,GDX,0.27709394110207497
2025-01-31,optimized,GDX,0.5129778578068505
2025-02-28,optimized,GDX,0.5752051031149714
2025-03-31,optimized,GDX,0.9869444907412652
2025-04-30,optimized,GDX,1.1314887599723327
2025-05-31,optimized,GDX,1.0747100915094059
2025-06-30,optimized,GDX,1.0292058006790945
2025-07-31,optimized,GDX,0.9691094964898203
2025-08-31,optimized,GDX,1.3609187303977628
2025-09-30,optimized,GDX,1.6967990732566947
2025-10-31,optimized,GDX,1.5409626167584887
2025-11-30,optimized,GDX,1.8367363715870284
2025-12-31,optimized,GDX,1.9086309172286087
2026-01-31,optimized,GDX,2.0700804395922012
2026-02-28,optimized,GDX,2.5307005390647017
2026-03-31,optimized,GDX,2.224593622183669
2026-04-30,optimized,GDX,1.948310529777797
2026-05-31,optimized,GDX,1.8728805293376019
2026-06-30,optimized,GDX,1.589596413197384
2026-07-31,optimized,GDX,1.5543477510681711
2015-11-30,optimized,GLD,-2.1352735491881525
2015-12-31,optimized,GLD,-1.7521955267024023
2016-01-31,optimized,GLD,1.3647045488495915
2016-02-29,optimized,GLD,4.6685826424480235
2016-03-31,optimized,GLD,2.397742612574969
2016-04-30,optimized,GLD,3.8121428144328195
2016-05-31,optimized,GLD,1.4603143372573557
2016-06-30,optimized,GLD,4.046884624930562
2016-07-31,optimized,GLD,3.5481426966485263
2016-08-31,optimized,GLD,2.535316344804069
2016-09-30,optimized,GLD,2.7403474111844948
2016-10-31,optimized,GLD,2.3769822922056467
2016-11-30,optimized,GLD,-1.235139913090754
2016-12-31,optimized,GLD,-2.4177918628022135
2017-01-31,optimized,GLD,-1.3288714566358173
2017-02-28,optimized,GLD,-1.552182084691104
2017-03-31,optimized,GLD,-1.7180035403640395
2017-04-30,optimized,GLD,-1.4977661794842925
2017-05-31,optimized,GLD,-1.9584133694935395
2017-06-30,optimized,GLD,-2.7963264437099693
2017-07-31,optimized,GLD,-2.718997226750031
2017-08-31,optimized,GLD,-1.5468954762148561
2017-09-30,optimized,GLD,-3.162345015775461
2017-10-31,optimized,GLD,-4.093817582747013
2017-11-30,optimized,GLD,-4.903888781279586
2017-12-31,optimized,GLD,-4.636016097407349
2018-01-31,optimized,GLD,-5.356308723356675
2018-02-28,optimized,GLD,-4.88829674483363
2018-03-31,optimized,GLD,-3.876381883282792
2018-04-30,optimized,GLD,-4.317618756241765
2018-05-31,optimized,GLD,-5.405659415024146
2018-06-30,optimized,GLD,-6.662673553134713
2018-07-31,optimized,GLD,-8.446635717093965
2018-08-31,optimized,GLD,-10.045673306962877
2018-09-30,optimized,GLD,-10.422248238056639
2018-10-31,optimized,GLD,-7.713269372443851
2018-11-30,optimized,GLD,-8.168140671440499
2018-12-31,optimized,GLD,-4.044079143577313
2019-01-31,optimized,GLD,-5.580068625993513
2019-02-28,optimized,GLD,-6.735313120545492
2019-03-31,optimized,GLD,-7.757390566722738
2019-04-30,optimized,GLD,-9.182135380916945
2019-05-31,optimized,GLD,-6.741774180783601
2019-06-30,optimized,GLD,-6.428478313576229
2019-07-31,optimized,GLD,-6.879815987657236
2019-08-31,optimized,GLD,-4.003828530003541
2019-09-30,optimized,GLD,-5.6059924108425
2019-10-31,optimized,GLD,-5.500058478349383
2019-11-30,optimized,GLD,-7.548593135596617
2019-12-31,optimized,GLD,-7.323487943465183
2020-01-31,optimized,GLD,-5.961483250660568
2020-02-29,optimized,GLD,-3.777353216418601
2020-03-31,optimized,GLD,-0.09793821068573433
2020-04-30,optimized,GLD,-1.7291236676710497
2020-05-31,optimized,GLD,-2.3820400413057117
2020-06-30,optimized,GLD,-2.092757671988222
2020-07-31,optimized,GLD,-0.6223963256819143
2020-08-31,optimized,GLD,-2.8133599178625137
2020-09-30,optimized,GLD,-2.941468814693732
2020-10-31,optimized,GLD,-2.349289840366702
2020-11-30,optimized,GLD,-7.235182311096466
2020-12-31,optimized,GLD,-6.242477711849082
2021-01-31,optimized,GLD,-6.903909254751086
2021-02-28,optimized,GLD,-9.615139464277958
2021-03-31,optimized,GLD,-11.32011044470942
2021-04-30,optimized,GLD,-11.83841343479665
2021-05-31,optimized,GLD,-9.731879308302693
2021-06-30,optimized,GLD,-12.548996699649923
2021-07-31,optimized,GLD,-12.522450925380845
2021-08-31,optimized,GLD,-13.43821098435867
2021-09-30,optimized,GLD,-13.007104248337306
2021-10-31,optimized,GLD,-14.66809981436596
2021-11-30,optimized,GLD,-14.634071950009325
2021-12-31,optimized,GLD,-15.03177631785976
2022-01-31,optimized,GLD,-13.953167241478845
2022-02-28,optimized,GLD,-11.231135754597123
2022-03-31,optimized,GLD,-11.977082262390477
2022-04-30,optimized,GLD,-9.9650958940148
2022-05-31,optimized,GLD,-11.011276625803783
2022-06-30,optimized,GLD,-9.007257875585402
2022-07-31,optimized,GLD,-12.546325947671063
2022-08-31,optimized,GLD,-12.205266550950236
2022-09-30,optimized,GLD,-10.298347897949805
2022-10-31,optimized,GLD,-13.27194612916997
2022-11-30,optimized,GLD,-12.39213390740165
2022-12-31,optimized,GLD,-9.78408525254083
2023-01-31,optimized,GLD,-9.942929926682712
2023-02-28,optimized,GLD,-10.798933890002427
2023-03-31,optimized,GLD,-9.536426217957949
2023-04-30,optimized,GLD,-9.756963449564973
2023-05-31,optimized,GLD,-10.298053079981791
2023-06-30,optimized,GLD,-12.908453301044476
2023-07-31,optimized,GLD,-13.20385613579736
2023-08-31,optimized,GLD,-13.099622763739427
2023-09-30,optimized,GLD,-13.104766537114902
2023-10-31,optimized,GLD,-10.24178101604985
2023-11-30,optimized,GLD,-12.222685091854759
2023-12-31,optimized,GLD,-13.207711495960684
2024-01-31,optimized,GLD,-14.11234655238976
2024-02-29,optimized,GLD,-15.541049087888878
2024-03-31,optimized,GLD,-13.921605174132942
2024-04-30,optimized,GLD,-11.81517409174783
2024-05-31,optimized,GLD,-12.846881947785507
2024-06-30,optimized,GLD,-13.945698462725906
2024-07-31,optimized,GLD,-12.698809609178532
2024-08-31,optimized,GLD,-12.772107136081026
2024-09-30,optimized,GLD,-11.87559169358436
2024-10-31,optimized,GLD,-10.318074394121943
2024-11-30,optimized,GLD,-13.04432815139545
2024-12-31,optimized,GLD,-12.74517772122183
2025-01-31,optimized,GLD,-11.515182472558392
2025-02-28,optimized,GLD,-10.587853121558737
2025-03-31,optimized,GLD,-6.082301161509855
2025-04-30,optimized,GLD,-4.194864991432199
2025-05-31,optimized,GLD,-6.097003661611093
2025-06-30,optimized,GLD,-7.517044529552713
2025-07-31,optimized,GLD,-8.392027522260129
2025-08-31,optimized,GLD,-7.511373302967712
2025-09-30,optimized,GLD,-5.052461597938572
2025-10-31,optimized,GLD,-4.699983282597536
2025-11-30,optimized,GLD,-3.148138159877841
2025-12-31,optimized,GLD,-2.5200580483376758
2026-01-31,optimized,GLD,0.7197773556388829
2026-02-28,optimized,GLD,3.5950594834277636
2026-03-31,optimized,GLD,1.7610981754393973
2026-04-30,optimized,GLD,-1.8527291537601933
2026-05-31,optimized,GLD,-3.8946095545715917
2026-06-30,optimized,GLD,-7.091297952865022
2026-07-31,optimized,GLD,-6.844400072071447
2015-11-30,optimized,SLV,-0.0
2015-12-31,optimized,SLV,-0.0
2016-01-31,optimized,SLV,0.0
2016-02-29,optimized,SLV,0.0
2016-03-31,optimized,SLV,0.0
2016-04-30,optimized,SLV,0.0
2016-05-31,optimized,SLV,0.0
2016-06-30,optimized,SLV,0.0
2016-07-31,optimized,SLV,0.0
2016-08-31,optimized,SLV,0.0
2016-09-30,optimized,SLV,0.0
2016-10-31,optimized,SLV,0.0
2016-11-30,optimized,SLV,0.0
2016-12-31,optimized,SLV,0.0
2017-01-31,optimized,SLV,0.0
2017-02-28,optimized,SLV,0.0
2017-03-31,optimized,SLV,0.0
2017-04-30,optimized,SLV,0.0
2017-05-31,optimized,SLV,0.0
2017-06-30,optimized,SLV,0.0
2017-07-31,optimized,SLV,0.0
2017-08-31,optimized,SLV,0.0
2017-09-30,optimized,SLV,0.0
2017-10-31,optimized,SLV,0.0
2017-11-30,optimized,SLV,0.0
2017-12-31,optimized,SLV,0.0
2018-01-31,optimized,SLV,0.0
2018-02-28,optimized,SLV,0.0
2018-03-31,optimized,SLV,0.0
2018-04-30,optimized,SLV,0.0
2018-05-31,optimized,SLV,0.0
2018-06-30,optimized,SLV,0.0
2018-07-31,optimized,SLV,0.0
2018-08-31,optimized,SLV,0.0
2018-09-30,optimized,SLV,0.0
2018-10-31,optimized,SLV,0.0
2018-11-30,optimized,SLV,0.0
2018-12-31,optimized,SLV,0.0
2019-01-31,optimized,SLV,0.0
2019-02-28,optimized,SLV,0.0
2019-03-31,optimized,SLV,0.0
2019-04-30,optimized,SLV,0.0
2019-05-31,optimized,SLV,0.0
2019-06-30,optimized,SLV,0.0
2019-07-31,optimized,SLV,0.0
2019-08-31,optimized,SLV,0.0
2019-09-30,optimized,SLV,0.0
2019-10-31,optimized,SLV,0.0
2019-11-30,optimized,SLV,0.0
2019-12-31,optimized,SLV,0.0
2020-01-31,optimized,SLV,0.0
2020-02-29,optimized,SLV,0.0
2020-03-31,optimized,SLV,0.0
2020-04-30,optimized,SLV,0.0
2020-05-31,optimized,SLV,0.0
2020-06-30,optimized,SLV,0.0
2020-07-31,optimized,SLV,0.0
2020-08-31,optimized,SLV,0.0
2020-09-30,optimized,SLV,0.0
2020-10-31,optimized,SLV,0.0
2020-11-30,optimized,SLV,0.0
2020-12-31,optimized,SLV,0.0
2021-01-31,optimized,SLV,0.0
2021-02-28,optimized,SLV,0.0
2021-03-31,optimized,SLV,0.0
2021-04-30,optimized,SLV,0.0
2021-05-31,optimized,SLV,0.0
2021-06-30,optimized,SLV,0.0
2021-07-31,optimized,SLV,0.0
2021-08-31,optimized,SLV,0.0
2021-09-30,optimized,SLV,0.0
2021-10-31,optimized,SLV,0.0
2021-11-30,optimized,SLV,0.0
2021-12-31,optimized,SLV,0.0
2022-01-31,optimized,SLV,0.0
2022-02-28,optimized,SLV,0.0
2022-03-31,optimized,SLV,0.0
2022-04-30,optimized,SLV,0.0
2022-05-31,optimized,SLV,0.0
2022-06-30,optimized,SLV,0.0
2022-07-31,optimized,SLV,0.0
2022-08-31,optimized,SLV,0.0
2022-09-30,optimized,SLV,0.0
2022-10-31,optimized,SLV,0.0
2022-11-30,optimized,SLV,0.0
2022-12-31,optimized,SLV,0.0
2023-01-31,optimized,SLV,0.0
2023-02-28,optimized,SLV,0.0
2023-03-31,optimized,SLV,0.0
2023-04-30,optimized,SLV,0.0
2023-05-31,optimized,SLV,0.0
2023-06-30,optimized,SLV,0.0
2023-07-31,optimized,SLV,0.0
2023-08-31,optimized,SLV,0.0
2023-09-30,optimized,SLV,0.0
2023-10-31,optimized,SLV,0.0
2023-11-30,optimized,SLV,0.0
2023-12-31,optimized,SLV,0.0
2024-01-31,optimized,SLV,0.0
2024-02-29,optimized,SLV,0.0
2024-03-31,optimized,SLV,0.0
2024-04-30,optimized,SLV,0.0
2024-05-31,optimized,SLV,0.0
2024-06-30,optimized,SLV,0.0
2024-07-31,optimized,SLV,0.0
2024-08-31,optimized,SLV,0.0
2024-09-30,optimized,SLV,0.0
2024-10-31,optimized,SLV,0.0
2024-11-30,optimized,SLV,0.0
2024-12-31,optimized,SLV,0.0
2025-01-31,optimized,SLV,0.0
2025-02-28,optimized,SLV,0.0
2025-03-31,optimized,SLV,0.0
2025-04-30,optimized,SLV,0.0
2025-05-31,optimized,SLV,0.0
2025-06-30,optimized,SLV,0.0
2025-07-31,optimized,SLV,0.0
2025-08-31,optimized,SLV,0.0
2025-09-30,optimized,SLV,0.0
2025-10-31,optimized,SLV,0.0
2025-11-30,optimized,SLV,0.0
2025-12-31,optimized,SLV,0.0
2026-01-31,optimized,SLV,0.0
2026-02-28,optimized,SLV,0.0
2026-03-31,optimized,SLV,0.0
2026-04-30,optimized,SLV,0.0
2026-05-31,optimized,SLV,0.0
2026-06-30,optimized,SLV,0.0
2026-07-31,optimized,SLV,0.0
2015-11-30,optimized,AIA,-0.0
2015-12-31,optimized,AIA,-0.0
2016-01-31,optimized,AIA,-0.0
2016-02-29,optimized,AIA,0.0
2016-03-31,optimized,AIA,0.0
2016-04-30,optimized,AIA,0.0
2016-05-31,optimized,AIA,0.0
2016-06-30,optimized,AIA,0.0
2016-07-31,optimized,AIA,0.0
2016-08-31,optimized,AIA,0.0
2016-09-30,optimized,AIA,0.0
2016-10-31,optimized,AIA,0.0
2016-11-30,optimized,AIA,0.0
2016-12-31,optimized,AIA,0.0
2017-01-31,optimized,AIA,0.0
2017-02-28,optimized,AIA,0.0
2017-03-31,optimized,AIA,0.0
2017-04-30,optimized,AIA,0.0
2017-05-31,optimized,AIA,0.0
2017-06-30,optimized,AIA,0.0
2017-07-31,optimized,AIA,0.0
2017-08-31,optimized,AIA,0.0
2017-09-30,optimized,AIA,0.0
2017-10-31,optimized,AIA,0.0
2017-11-30,optimized,AIA,0.0
2017-12-31,optimized,AIA,0.0
2018-01-31,optimized,AIA,0.0
2018-02-28,optimized,AIA,0.0
2018-03-31,optimized,AIA,0.0
2018-04-30,optimized,AIA,0.0
2018-05-31,optimized,AIA,0.0
2018-06-30,optimized,AIA,0.0
2018-07-31,optimized,AIA,0.0
2018-08-31,optimized,AIA,0.0
2018-09-30,optimized,AIA,0.0
2018-10-31,optimized,AIA,0.0
2018-11-30,optimized,AIA,0.0
2018-12-31,optimized,AIA,0.0
2019-01-31,optimized,AIA,0.0
2019-02-28,optimized,AIA,0.0
2019-03-31,optimized,AIA,0.0
2019-04-30,optimized,AIA,0.0
2019-05-31,optimized,AIA,0.0
2019-06-30,optimized,AIA,0.0
2019-07-31,optimized,AIA,0.0
2019-08-31,optimized,AIA,0.0
2019-09-30,optimized,AIA,0.0
2019-10-31,optimized,AIA,0.0
2019-11-30,optimized,AIA,0.0
2019-12-31,optimized,AIA,0.0
2020-01-31,optimized,AIA,0.0
2020-02-29,optimized,AIA,0.0
2020-03-31,optimized,AIA,0.0
2020-04-30,optimized,AIA,0.0
2020-05-31,optimized,AIA,0.0
2020-06-30,optimized,AIA,0.0
2020-07-31,optimized,AIA,0.0
2020-08-31,optimized,AIA,0.0
2020-09-30,optimized,AIA,0.0
2020-10-31,optimized,AIA,0.0
2020-11-30,optimized,AIA,0.0
2020-12-31,optimized,AIA,0.0
2021-01-31,optimized,AIA,0.0
2021-02-28,optimized,AIA,0.0
2021-03-31,optimized,AIA,0.0
2021-04-30,optimized,AIA,0.0
2021-05-31,optimized,AIA,0.0
2021-06-30,optimized,AIA,0.0
2021-07-31,optimized,AIA,0.0
2021-08-31,optimized,AIA,0.0
2021-09-30,optimized,AIA,0.0
2021-10-31,optimized,AIA,0.0
2021-11-30,optimized,AIA,0.0
2021-12-31,optimized,AIA,0.0
2022-01-31,optimized,AIA,0.0
2022-02-28,optimized,AIA,0.0
2022-03-31,optimized,AIA,0.0
2022-04-30,optimized,AIA,0.0
2022-05-31,optimized,AIA,0.0
2022-06-30,optimized,AIA,0.0
2022-07-31,optimized,AIA,0.0
2022-08-31,optimized,AIA,0.0
2022-09-30,optimized,AIA,0.0
2022-10-31,optimized,AIA,0.0
2022-11-30,optimized,AIA,0.0
2022-12-31,optimized,AIA,0.0
2023-01-31,optimized,AIA,0.0
2023-02-28,optimized,AIA,0.0
2023-03-31,optimized,AIA,0.0
2023-04-30,optimized,AIA,0.0
2023-05-31,optimized,AIA,0.0
2023-06-30,optimized,AIA,0.0
2023-07-31,optimized,AIA,0.0
2023-08-31,optimized,AIA,0.0
2023-09-30,optimized,AIA,0.0
2023-10-31,optimized,AIA,0.0
2023-11-30,optimized,AIA,0.0
2023-12-31,optimized,AIA,0.0
2024-01-31,optimized,AIA,0.0
2024-02-29,optimized,AIA,0.0
2024-03-31,optimized,AIA,0.0
2024-04-30,optimized,AIA,0.0
2024-05-31,optimized,AIA,0.0
2024-06-30,optimized,AIA,0.0
2024-07-31,optimized,AIA,0.0
2024-08-31,optimized,AIA,0.0
2024-09-30,optimized,AIA,0.0
2024-10-31,optimized,AIA,0.0
2024-11-30,optimized,AIA,0.0
2024-12-31,optimized,AIA,0.0
2025-01-31,optimized,AIA,0.0
2025-02-28,optimized,AIA,0.0
2025-03-31,optimized,AIA,0.0
2025-04-30,optimized,AIA,0.0
2025-05-31,optimized,AIA,0.0
2025-06-30,optimized,AIA,0.0
2025-07-31,optimized,AIA,0.0
2025-08-31,optimized,AIA,0.0
2025-09-30,optimized,AIA,0.0
2025-10-31,optimized,AIA,0.0
2025-11-30,optimized,AIA,0.0
2025-12-31,optimized,AIA,0.0
2026-01-31,optimized,AIA,0.0
2026-02-28,optimized,AIA,0.0
2026-03-31,optimized,AIA,0.0
2026-04-30,optimized,AIA,0.0
2026-05-31,optimized,AIA,0.0
2026-06-30,optimized,AIA,0.0
2026-07-31,optimized,AIA,0.0
2015-11-30,optimized,XLE,-0.01432232562772992
2015-12-31,optimized,XLE,-0.3453619614534893
2016-01-31,optimized,XLE,-0.2895898553394505
2016-02-29,optimized,XLE,-0.3919542457304387
2016-03-31,optimized,XLE,-0.26240735469112925
2016-04-30,optimized,XLE,0.06417584993521716
2016-05-31,optimized,XLE,-0.03505598955953508
2016-06-30,optimized,XLE,0.05433219485184399
2016-07-31,optimized,XLE,-0.13051336909164005
2016-08-31,optimized,XLE,-0.07185498057987863
2016-09-30,optimized,XLE,0.06684962835006994
2016-10-31,optimized,XLE,0.02599553729101628
2016-11-30,optimized,XLE,0.20615834911086928
2016-12-31,optimized,XLE,0.19499328830508308
2017-01-31,optimized,XLE,0.006567688386716086
2017-02-28,optimized,XLE,-0.2199654813800479
2017-03-31,optimized,XLE,-0.2806472011621821
2017-04-30,optimized,XLE,-0.42904327707786133
2017-05-31,optimized,XLE,-0.6154546348533998
2017-06-30,optimized,XLE,-0.6436738391183089
2017-07-31,optimized,XLE,-0.622459535966551
2017-08-31,optimized,XLE,-0.8398183766750342
2017-09-30,optimized,XLE,-0.5321800889153067
2017-10-31,optimized,XLE,-0.6522917761119179
2017-11-30,optimized,XLE,-0.7014190589858675
2017-12-31,optimized,XLE,-0.548619122042659
2018-01-31,optimized,XLE,-0.6258980911658183
2018-02-28,optimized,XLE,-0.8970593689861015
2018-03-31,optimized,XLE,-0.7289119421190607
2018-04-30,optimized,XLE,-0.39076619055148165
2018-05-31,optimized,XLE,-0.3695480070286332
2018-06-30,optimized,XLE,-0.36975858563122427
2018-07-31,optimized,XLE,-0.4507723884618624
2018-08-31,optimized,XLE,-0.7018989951375944
2018-09-30,optimized,XLE,-0.6321615048815222
2018-10-31,optimized,XLE,-0.7985664028220874
2018-11-30,optimized,XLE,-0.9273236333292276
2018-12-31,optimized,XLE,-1.0642163475235495
2019-01-31,optimized,XLE,-0.9434855420179673
2019-02-28,optimized,XLE,-0.978769921255858
2019-03-31,optimized,XLE,-0.9667897640777517
2019-04-30,optimized,XLE,-1.1212375807128723
2019-05-31,optimized,XLE,-1.299235342552404
2019-06-30,optimized,XLE,-1.2074579894818611
2019-07-31,optimized,XLE,-1.3241229360913596
2019-08-31,optimized,XLE,-1.5746451627520623
2019-09-30,optimized,XLE,-1.4997429527580106
2019-10-31,optimized,XLE,-1.6618999447609257
2019-11-30,optimized,XLE,-1.7378092587856602
2019-12-31,optimized,XLE,-1.6202629739395062
2020-01-31,optimized,XLE,-2.0327997761494867
2020-02-29,optimized,XLE,-2.3104620535533327
2020-03-31,optimized,XLE,-3.1347524514202045
2020-04-30,optimized,XLE,-2.4542828911172214
2020-05-31,optimized,XLE,-2.5584123359985447
2020-06-30,optimized,XLE,-2.6664783120585853
2020-07-31,optimized,XLE,-3.069424286077315
2020-08-31,optimized,XLE,-3.3720500505329367
2020-09-30,optimized,XLE,-3.781194529953744
2020-10-31,optimized,XLE,-3.8419694255102588
2020-11-30,optimized,XLE,-3.1972385835165573
2020-12-31,optimized,XLE,-3.1680362899841614
2021-01-31,optimized,XLE,-2.988527129963833
2021-02-28,optimized,XLE,-2.2473910579221537
2021-03-31,optimized,XLE,-2.3064867453900084
2021-04-30,optimized,XLE,-2.4804477297694283
2021-05-31,optimized,XLE,-2.290116114695377
2021-06-30,optimized,XLE,-2.21511437369621
2021-07-31,optimized,XLE,-2.620315075319358
2021-08-31,optimized,XLE,-2.8079109515624032
2021-09-30,optimized,XLE,-2.295944831453758
2021-10-31,optimized,XLE,-2.171196821352107
2021-11-30,optimized,XLE,-2.3296908042492204
2021-12-31,optimized,XLE,-2.39151614609841
2022-01-31,optimized,XLE,-1.4856756874504138
2022-02-28,optimized,XLE,-1.1082229078634547
2022-03-31,optimized,XLE,-0.8980590758873204
2022-04-30,optimized,XLE,-0.6310295602366358
2022-05-31,optimized,XLE,-0.035562141692948614
2022-06-30,optimized,XLE,-0.36806173587070345
2022-07-31,optimized,XLE,-0.35095196828014036
2022-08-31,optimized,XLE,-0.09735986394601037
2022-09-30,optimized,XLE,-0.10919160307158317
2022-10-31,optimized,XLE,0.5250290786892853
2022-11-30,optimized,XLE,0.36376394235976595
2022-12-31,optimized,XLE,0.465987479583058
2023-01-31,optimized,XLE,0.335045468327081
2023-02-28,optimized,XLE,0.16839018955625554
2023-03-31,optimized,XLE,0.028931406856731994
2023-04-30,optimized,XLE,0.07335055588779144
2023-05-31,optimized,XLE,-0.3218985756689985
2023-06-30,optimized,XLE,-0.30557288245579434
2023-07-31,optimized,XLE,-0.13605541313039102
2023-08-31,optimized,XLE,-0.012837013648499415
2023-09-30,optimized,XLE,0.2563569910814327
2023-10-31,optimized,XLE,0.12143623873647931
2023-11-30,optimized,XLE,-0.24959647305712704
2023-12-31,optimized,XLE,-0.4186580674589614
2024-01-31,optimized,XLE,-0.4979647897856086
2024-02-29,optimized,XLE,-0.571253877918979
2024-03-31,optimized,XLE,-0.2994438308663093
2024-04-30,optimized,XLE,-0.1830826505338321
2024-05-31,optimized,XLE,-0.38648720427892946
2024-06-30,optimized,XLE,-0.5726431276322828
2024-07-31,optimized,XLE,-0.5331262241633216
2024-08-31,optimized,XLE,-0.6991297138538197
2024-09-30,optimized,XLE,-0.8919289297037641
2024-10-31,optimized,XLE,-0.824424249094027
2024-11-30,optimized,XLE,-0.7539703894045762
2024-12-31,optimized,XLE,-1.0241738379620253
2025-01-31,optimized,XLE,-1.0382676956440482
2025-02-28,optimized,XLE,-0.8460417919369396
2025-03-31,optimized,XLE,-0.5045885314492038
2025-04-30,optimized,XLE,-0.9939027642502395
2025-05-31,optimized,XLE,-1.182424693052826
2025-06-30,optimized,XLE,-1.192569178449662
2025-07-31,optimized,XLE,-1.1727301830188224
2025-08-31,optimized,XLE,-1.1126736216296629
2025-09-30,optimized,XLE,-1.2588290026177178
2025-10-31,optimized,XLE,-1.399631488282344
2025-11-30,optimized,XLE,-1.3078199491420093
2025-12-31,optimized,XLE,-1.321973789966848
2026-01-31,optimized,XLE,-0.8433630510101274
2026-02-28,optimized,XLE,-0.4514848379671422
2026-03-31,optimized,XLE,0.12116399555997057
2026-04-30,optimized,XLE,-0.3735270369180844
2026-05-31,optimized,XLE,-0.78392117915953
2026-06-30,optimized,XLE,-0.9323136574904164
2026-07-31,optimized,XLE,-0.4768881746845938
