date,portfolio,ticker,cumulative_active_contribution
2015-11-30,provided,QQQ,0.0009732872577996155
2015-12-31,provided,QQQ,0.0015072531098558883
2016-01-31,provided,QQQ,-0.006219853041245305
2016-02-29,provided,QQQ,-0.01215092777578959
2016-03-31,provided,QQQ,-0.011646703365637336
2016-04-30,provided,QQQ,-0.025970434610445285
2016-05-31,provided,QQQ,-0.015294943163907785
2016-06-30,provided,QQQ,-0.02579742306573421
2016-07-31,provided,QQQ,-0.011782671077408852
2016-08-31,provided,QQQ,-0.008061332348613087
2016-09-30,provided,QQQ,0.0007695888036336872
2016-10-31,provided,QQQ,0.0018755669325058965
2016-11-30,provided,QQQ,-0.011116155323327976
2016-12-31,provided,QQQ,-0.014695812957753336
2017-01-31,provided,QQQ,-0.0012932101174488574
2017-02-28,provided,QQQ,0.0004903332897669911
2017-03-31,provided,QQQ,0.00809777866546994
2017-04-30,provided,QQQ,0.01503532187936018
2017-05-31,provided,QQQ,0.02497940380037375
2017-06-30,provided,QQQ,0.013157795882133387
2017-07-31,provided,QQQ,0.021181298854971192
2017-08-31,provided,QQQ,0.028308722657528613
2017-09-30,provided,QQQ,0.019067801147454808
2017-10-31,provided,QQQ,0.028067852019621094
2017-11-30,provided,QQQ,0.023728398022216397
2017-12-31,provided,QQQ,0.02128963362668838
2018-01-31,provided,QQQ,0.03377429930437654
2018-02-28,provided,QQQ,0.04314726813294429
2018-03-31,provided,QQQ,0.03779625428330133
2018-04-30,provided,QQQ,0.037752325420500284
2018-05-31,provided,QQQ,0.05072040043072929
2018-06-30,provided,QQQ,0.05300008343389359
2018-07-31,provided,QQQ,0.04936710298569684
2018-08-31,provided,QQQ,0.05972178340790508
2018-09-30,provided,QQQ,0.05621723454773297
2018-10-31,provided,QQQ,0.04947590368051368
2018-11-30,provided,QQQ,0.04099632993980439
2018-12-31,provided,QQQ,0.04157283863820872
2019-01-31,provided,QQQ,0.04558958221650466
2019-02-28,provided,QQQ,0.04458798103585821
2019-03-31,provided,QQQ,0.053046266487856236
2019-04-30,provided,QQQ,0.05870220797305987
2019-05-31,provided,QQQ,0.051310157615170965
2019-06-30,provided,QQQ,0.053835420930447284
2019-07-31,provided,QQQ,0.05712724206943256
2019-08-31,provided,QQQ,0.056226230657950314
2019-09-30,provided,QQQ,0.05211461120328731
2019-10-31,provided,QQQ,0.06079307593222372
2019-11-30,provided,QQQ,0.0625913994947799
2019-12-31,provided,QQQ,0.06651470043231195
2020-01-31,provided,QQQ,0.07882998058540826
2020-02-29,provided,QQQ,0.08626655357400491
2020-03-31,provided,QQQ,0.1070716441178104
2020-04-30,provided,QQQ,0.11617325434442859
2020-05-31,provided,QQQ,0.1235186561365544
2020-06-30,provided,QQQ,0.14157165845898403
2020-07-31,provided,QQQ,0.1474008367353635
2020-08-31,provided,QQQ,0.16326106362491313
2020-09-30,provided,QQQ,0.15512404788179635
2020-10-31,provided,QQQ,0.15291773870391143
2020-11-30,provided,QQQ,0.15431006687458523
2020-12-31,provided,QQQ,0.15910047507487635
2021-01-31,provided,QQQ,0.16422220325954587
2021-02-28,provided,QQQ,0.15256587442370662
2021-03-31,provided,QQQ,0.14127332914965315
2021-04-30,provided,QQQ,0.14374833418134794
2021-05-31,provided,QQQ,0.13631700944436498
2021-06-30,provided,QQQ,0.1523946128669625
2021-07-31,provided,QQQ,0.15407347739103017
2021-08-31,provided,QQQ,0.1590441269113561
2021-09-30,provided,QQQ,0.15495358742009208
2021-10-31,provided,QQQ,0.15834429071210862
2021-11-30,provided,QQQ,0.16954558310802909
2021-12-31,provided,QQQ,0.1556558399329042
2022-01-31,provided,QQQ,0.14176429280645544
2022-02-28,provided,QQQ,0.13566720446206734
2022-03-31,provided,QQQ,0.13930274225206643
2022-04-30,provided,QQQ,0.12002729927968248
2022-05-31,provided,QQQ,0.11277789946293368
2022-06-30,provided,QQQ,0.1101306563431228
2022-07-31,provided,QQQ,0.12350253891130913
2022-08-31,provided,QQQ,0.1192946178831182
2022-09-30,provided,QQQ,0.11413076747101751
2022-10-31,provided,QQQ,0.09761999721786285
2022-11-30,provided,QQQ,0.0975600531535199
2022-12-31,provided,QQQ,0.08455657901532118
2023-01-31,provided,QQQ,0.10197335670534047
2023-02-28,provided,QQQ,0.11059126832465886
2023-03-31,provided,QQQ,0.13373103210258655
2023-04-30,provided,QQQ,0.12937273284840287
2023-05-31,provided,QQQ,0.15906131786995265
2023-06-30,provided,QQQ,0.15835692799132514
2023-07-31,provided,QQQ,0.16070411940337362
2023-08-31,provided,QQQ,0.16127284647182571
2023-09-30,provided,QQQ,0.15992708675871353
2023-10-31,provided,QQQ,0.16034863202807936
2023-11-30,provided,QQQ,0.16708652131093946
2023-12-31,provided,QQQ,0.17117218556041788
2024-01-31,provided,QQQ,0.17207840901979446
2024-02-29,provided,QQQ,0.17233702496966583
2024-03-31,provided,QQQ,0.16435615900798706
2024-04-30,provided,QQQ,0.1629888759191776
2024-05-31,provided,QQQ,0.16736417902610845
2024-06-30,provided,QQQ,0.1791327459827731
2024-07-31,provided,QQQ,0.16757666594782258
2024-08-31,provided,QQQ,0.1626459564501828
2024-09-30,provided,QQQ,0.16473043036317989
2024-10-31,provided,QQQ,0.16484132852486535
2024-11-30,provided,QQQ,0.16239124780844597
2024-12-31,provided,QQQ,0.17383148360672715
2025-01-31,provided,QQQ,0.17174250117358786
2025-02-28,provided,QQQ,0.1660065855964108
2025-03-31,provided,QQQ,0.1579494857386201
2025-04-30,provided,QQQ,0.16700483221997486
2025-05-31,provided,QQQ,0.17857994069991528
2025-06-30,provided,QQQ,0.18356888601501642
2025-07-31,provided,QQQ,0.1840510349256696
2025-08-31,provided,QQQ,0.17965912168066897
2025-09-30,provided,QQQ,0.1869158336918352
2025-10-31,provided,QQQ,0.1965024397718651
2025-11-30,provided,QQQ,0.18947831279293498
2025-12-31,provided,QQQ,0.18647956546983202
2026-01-31,provided,QQQ,0.18550705995382372
2026-02-28,provided,QQQ,0.1795857160505492
2026-03-31,provided,QQQ,0.17998450629523274
2026-04-30,provided,QQQ,0.20072373904388724
2026-05-31,provided,QQQ,0.2219473918646771
2026-06-30,provided,QQQ,0.2254680859499375
2026-07-31,provided,QQQ,0.19903330500720634
2015-11-30,provided,SPMO,0.000665835373272361
2015-12-31,provided,SPMO,0.000278220075126101
2016-01-31,provided,SPMO,0.001264636785983575
2016-02-29,provided,SPMO,0.0011453857700824078
2016-03-31,provided,SPMO,-0.00020095888199769254
2016-04-30,provided,SPMO,-9.603941168794252e-05
2016-05-31,provided,SPMO,-0.001758999656383464
2016-06-30,provided,SPMO,-0.0026707027042431443
2016-07-31,provided,SPMO,-0.0014719134373792466
2016-08-31,provided,SPMO,-0.0015916682251162497
2016-09-30,provided,SPMO,-0.001101432771783295
2016-10-31,provided,SPMO,-0.0012298290832221228
2016-11-30,provided,SPMO,-0.005538709607500092
2016-12-31,provided,SPMO,-0.004237302388659448
2017-01-31,provided,SPMO,-0.005113673044152889
2017-02-28,provided,SPMO,-0.005058591625557973
2017-03-31,provided,SPMO,-0.007062305726321405
2017-04-30,provided,SPMO,-0.005443102339063844
2017-05-31,provided,SPMO,-0.004999468716925648
2017-06-30,provided,SPMO,-0.00410330223659987
2017-07-31,provided,SPMO,-0.0038323644684588485
2017-08-31,provided,SPMO,-0.0030598936840563473
2017-09-30,provided,SPMO,-0.0038631274811565587
2017-10-31,provided,SPMO,0.0015600660952866051
2017-11-30,provided,SPMO,0.0011170316448189776
2017-12-31,provided,SPMO,0.0009159662932454848
2018-01-31,provided,SPMO,0.002574471437534487
2018-02-28,provided,SPMO,0.005709424379767159
2018-03-31,provided,SPMO,0.00449620713023402
2018-04-30,provided,SPMO,0.0053933270780425644
2018-05-31,provided,SPMO,0.006915635390765518
2018-06-30,provided,SPMO,0.006328669761831995
2018-07-31,provided,SPMO,0.0061597885968331266
2018-08-31,provided,SPMO,0.007425560705227397
2018-09-30,provided,SPMO,0.008197706794957548
2018-10-31,provided,SPMO,0.0053018115825935516
2018-11-30,provided,SPMO,0.005033325756534989
2018-12-31,provided,SPMO,0.00510275886187963
2019-01-31,provided,SPMO,0.006251997605513426
2019-02-28,provided,SPMO,0.006942442092452738
2019-03-31,provided,SPMO,0.00794821106654071
2019-04-30,provided,SPMO,0.004896630387266043
2019-05-31,provided,SPMO,0.008796638287804071
2019-06-30,provided,SPMO,0.006664494767913498
2019-07-31,provided,SPMO,0.006013673182848034
2019-08-31,provided,SPMO,0.007305273769953647
2019-09-30,provided,SPMO,0.005667598630851512
2019-10-31,provided,SPMO,0.0031886402429673446
2019-11-30,provided,SPMO,0.0015376636400961541
2019-12-31,provided,SPMO,0.0006150740198895832
2020-01-31,provided,SPMO,0.0036619082624879673
2020-02-29,provided,SPMO,0.003285661991170796
2020-03-31,provided,SPMO,0.007226239449580685
2020-04-30,provided,SPMO,0.005637147019522304
2020-05-31,provided,SPMO,0.007669864427132257
2020-06-30,provided,SPMO,0.00847081945620255
2020-07-31,provided,SPMO,0.010245917730707656
2020-08-31,provided,SPMO,0.011758903991998672
2020-09-30,provided,SPMO,0.013484073189346137
2020-10-31,provided,SPMO,0.011693720565366895
2020-11-30,provided,SPMO,0.008510575756252171
2020-12-31,provided,SPMO,0.007825777421281689
2021-01-31,provided,SPMO,0.009024344360803484
2021-02-28,provided,SPMO,0.0048024471270434205
2021-03-31,provided,SPMO,0.0019137979116352305
2021-04-30,provided,SPMO,0.0019861539639145403
2021-05-31,provided,SPMO,0.0005420262881745701
2021-06-30,provided,SPMO,0.005474443540831311
2021-07-31,provided,SPMO,0.005261085849018767
2021-08-31,provided,SPMO,0.006877811814840975
2021-09-30,provided,SPMO,0.006748535784692047
2021-10-31,provided,SPMO,0.007102073486670793
2021-11-30,provided,SPMO,0.004994677643619008
2021-12-31,provided,SPMO,0.0030328801594733863
2022-01-31,provided,SPMO,0.0019415496970317109
2022-02-28,provided,SPMO,0.0028539635074765007
2022-03-31,provided,SPMO,0.002650608008574587
2022-04-30,provided,SPMO,0.002900075473188737
2022-05-31,provided,SPMO,0.00422986823767906
2022-06-30,provided,SPMO,0.004286195574080545
2022-07-31,provided,SPMO,0.002985393535043859
2022-08-31,provided,SPMO,0.004111033844775139
2022-09-30,provided,SPMO,0.006380550495436313
2022-10-31,provided,SPMO,0.011833362705953879
2022-11-30,provided,SPMO,0.009441873108526913
2022-12-31,provided,SPMO,0.012041618359149322
2023-01-31,provided,SPMO,0.005294977761252386
2023-02-28,provided,SPMO,0.0032444916886602577
2023-03-31,provided,SPMO,0.0013016640515661777
2023-04-30,provided,SPMO,0.0026016484442456874
2023-05-31,provided,SPMO,-0.0033670244361217005
2023-06-30,provided,SPMO,-0.003803072094467984
2023-07-31,provided,SPMO,-0.00531737682122334
2023-08-31,provided,SPMO,-0.0013258691503812746
2023-09-30,provided,SPMO,0.002184379070645316
2023-10-31,provided,SPMO,0.002361582177456957
2023-11-30,provided,SPMO,0.003041961511492021
2023-12-31,provided,SPMO,0.0049867858097258815
2024-01-31,provided,SPMO,0.009034163310326662
2024-02-29,provided,SPMO,0.015305583227984245
2024-03-31,provided,SPMO,0.01619645903758499
2024-04-30,provided,SPMO,0.014780890566621133
2024-05-31,provided,SPMO,0.017066351594232403
2024-06-30,provided,SPMO,0.021041580216193297
2024-07-31,provided,SPMO,0.0181613415868717
2024-08-31,provided,SPMO,0.01960387093378517
2024-09-30,provided,SPMO,0.019138285332666035
2024-10-31,provided,SPMO,0.020229212778742043
2024-11-30,provided,SPMO,0.020883364496013853
2024-12-31,provided,SPMO,0.021608348329942746
2025-01-31,provided,SPMO,0.02421685826336833
2025-02-28,provided,SPMO,0.025246450707533803
2025-03-31,provided,SPMO,0.02371027356722027
2025-04-30,provided,SPMO,0.026781977706771206
2025-05-31,provided,SPMO,0.03189643004632413
2025-06-30,provided,SPMO,0.03372737024076092
2025-07-31,provided,SPMO,0.03428720006913746
2025-08-31,provided,SPMO,0.03291812362362934
2025-09-30,provided,SPMO,0.033451996296947
2025-10-31,provided,SPMO,0.0315969273084972
2025-11-30,provided,SPMO,0.030103653079264797
2025-12-31,provided,SPMO,0.02960032473514604
2026-01-31,provided,SPMO,0.028587496703365262
2026-02-28,provided,SPMO,0.02911799632169874
2026-03-31,provided,SPMO,0.028160898580216247
2026-04-30,provided,SPMO,0.03699377998624121
2026-05-31,provided,SPMO,0.04428819882970017
2026-06-30,provided,SPMO,0.052753462068397323
2026-07-31,provided,SPMO,0.04175542006377574
2015-11-30,provided,GDX,-0.008386894358600317
2015-12-31,provided,GDX,-0.0060941102971090785
2016-01-31,provided,GDX,0.0024559718958547805
2016-02-29,provided,GDX,0.038921398764839764
2016-03-31,provided,GDX,0.03523917589104747
2016-04-30,provided,GDX,0.06418910537992989
2016-05-31,provided,GDX,0.04990565506542053
2016-06-30,provided,GDX,0.07227729761462454
2016-07-31,provided,GDX,0.07902352250550886
2016-08-31,provided,GDX,0.06223164172364482
2016-09-30,provided,GDX,0.06591360324649037
2016-10-31,provided,GDX,0.06042067292626868
2016-11-30,provided,GDX,0.04168787604311821
2016-12-31,provided,GDX,0.04038312268295556
2017-01-31,provided,GDX,0.052981794283062794
2017-02-28,provided,GDX,0.044539468925430085
2017-03-31,provided,GDX,0.04423939866115231
2017-04-30,provided,GDX,0.04070404717410841
2017-05-31,provided,GDX,0.041362051341138864
2017-06-30,provided,GDX,0.03803614245991759
2017-07-31,provided,GDX,0.039513326953150435
2017-08-31,provided,GDX,0.04735804176787252
2017-09-30,provided,GDX,0.038223303112507816
2017-10-31,provided,GDX,0.03377635061043666
2017-11-30,provided,GDX,0.030675263934119595
2017-12-31,provided,GDX,0.03372374100324667
2018-01-31,provided,GDX,0.030282344623235584
2018-02-28,provided,GDX,0.023813100224494302
2018-03-31,provided,GDX,0.02950497060534834
2018-04-30,provided,GDX,0.03035305349792699
2018-05-31,provided,GDX,0.028191439172859472
2018-06-30,provided,GDX,0.027482045565770014
2018-07-31,provided,GDX,0.019160652774769235
2018-08-31,provided,GDX,0.0031397029577358536
2018-09-30,provided,GDX,0.00238342838113926
2018-10-31,provided,GDX,0.01150766353795709
2018-11-30,provided,GDX,0.01049798121335552
2018-12-31,provided,GDX,0.030364062686565874
2019-01-31,provided,GDX,0.029944026309922378
2019-02-28,provided,GDX,0.024719164858628673
2019-03-31,provided,GDX,0.023718475970228525
2019-04-30,provided,GDX,0.012808968956884758
2019-05-31,provided,GDX,0.022536990600947947
2019-06-30,provided,GDX,0.03396643029866496
2019-07-31,provided,GDX,0.03613217191245649
2019-08-31,provided,GDX,0.0504857219431058
2019-09-30,provided,GDX,0.037990715514041394
2019-10-31,provided,GDX,0.04117150851721661
2019-11-30,provided,GDX,0.033750581496070936
2019-12-31,provided,GDX,0.03973574465865653
2020-01-31,provided,GDX,0.03878568379414524
2020-02-29,provided,GDX,0.03714724918051903
2020-03-31,provided,GDX,0.03750620925229537
2020-04-30,provided,GDX,0.06482521629840854
2020-05-31,provided,GDX,0.06644630520648516
2020-06-30,provided,GDX,0.07154933618745936
2020-07-31,provided,GDX,0.08272662449106603
2020-08-31,provided,GDX,0.07418663605157325
2020-09-30,provided,GDX,0.07057354139072519
2020-10-31,provided,GDX,0.06880234029468828
2020-11-30,provided,GDX,0.05042931519253782
2020-12-31,provided,GDX,0.05113068581601657
2021-01-31,provided,GDX,0.04795760370014675
2021-02-28,provided,GDX,0.03538278660749318
2021-03-31,provided,GDX,0.03524377275368648
2021-04-30,provided,GDX,0.035675793188064256
2021-05-31,provided,GDX,0.04974561727418891
2021-06-30,provided,GDX,0.03370277545638174
2021-07-31,provided,GDX,0.03402785395530039
2021-08-31,provided,GDX,0.024408101339473486
2021-09-30,provided,GDX,0.01946743000793739
2021-10-31,provided,GDX,0.02005203657251652
2021-11-30,provided,GDX,0.02113932878745353
2021-12-31,provided,GDX,0.01899912376391029
2022-01-31,provided,GDX,0.018653526034176884
2022-02-28,provided,GDX,0.035333312730740085
2022-03-31,provided,GDX,0.043121706320654096
2022-04-30,provided,GDX,0.043137183615671516
2022-05-31,provided,GDX,0.03359451105529093
2022-06-30,provided,GDX,0.028131124107569693
2022-07-31,provided,GDX,0.014868344886713469
2022-08-31,provided,GDX,0.009546171579653272
2022-09-30,provided,GDX,0.02013528305695874
2022-10-31,provided,GDX,0.012173575069152608
2022-11-30,provided,GDX,0.02685450320525521
2022-12-31,provided,GDX,0.03294457952911894
2023-01-31,provided,GDX,0.03837951397615725
2023-02-28,provided,GDX,0.026808825250689134
2023-03-31,provided,GDX,0.0406946596872057
2023-04-30,provided,GDX,0.04289932629394858
2023-05-31,provided,GDX,0.03448653169442316
2023-06-30,provided,GDX,0.02541841699077297
2023-07-31,provided,GDX,0.026462583118856305
2023-08-31,provided,GDX,0.021242833600225736
2023-09-30,provided,GDX,0.017954831846466252
2023-10-31,provided,GDX,0.024213388872228087
2023-11-30,provided,GDX,0.026896218147215285
2023-12-31,provided,GDX,0.02296668516142038
2024-01-31,provided,GDX,0.011474016010875481
2024-02-29,provided,GDX,0.0006003393793496056
2024-03-31,provided,GDX,0.017284635170247923
2024-04-30,provided,GDX,0.026092053658204023
2024-05-31,provided,GDX,0.02758400983980163
2024-06-30,provided,GDX,0.0201749980826797
2024-07-31,provided,GDX,0.03075305597223496
2024-08-31,provided,GDX,0.030235652897962324
2024-09-30,provided,GDX,0.031242376530043598
2024-10-31,provided,GDX,0.033440610469371954
2024-11-30,provided,GDX,0.0208337470930395
2024-12-31,provided,GDX,0.014339354031785389
2025-01-31,provided,GDX,0.02654606085102349
2025-02-28,provided,GDX,0.029766274414759444
2025-03-31,provided,GDX,0.05107333532806696
2025-04-30,provided,GDX,0.058553345907055
2025-05-31,provided,GDX,0.05561511083884475
2025-06-30,provided,GDX,0.05326030219426962
2025-07-31,provided,GDX,0.05015038327300055
2025-08-31,provided,GDX,0.07042609998141086
2025-09-30,provided,GDX,0.08780754672588645
2025-10-31,provided,GDX,0.07974317759247461
2025-11-30,provided,GDX,0.0950491515122554
2025-12-31,provided,GDX,0.09876961697817353
2026-01-31,provided,GDX,0.10712445623729148
2026-02-28,provided,GDX,0.13096105131835256
2026-03-31,provided,GDX,0.1151203473682619
2026-04-30,provided,GDX,0.10082299428062202
2026-05-31,provided,GDX,0.09691957282872221
2026-06-30,provided,GDX,0.08225992428741105
2026-07-31,provided,GDX,0.08043584390688624
2015-11-30,provided,GLD,-0.0
2015-12-31,provided,GLD,0.0
2016-01-31,provided,GLD,0.0
2016-02-29,provided,GLD,0.0
2016-03-31,provided,GLD,0.0
2016-04-30,provided,GLD,0.0
2016-05-31,provided,GLD,0.0
2016-06-30,provided,GLD,0.0
2016-07-31,provided,GLD,0.0
2016-08-31,provided,GLD,0.0
2016-09-30,provided,GLD,0.0
2016-10-31,provided,GLD,0.0
2016-11-30,provided,GLD,0.0
2016-12-31,provided,GLD,0.0
2017-01-31,provided,GLD,0.0
2017-02-28,provided,GLD,0.0
2017-03-31,provided,GLD,0.0
2017-04-30,provided,GLD,0.0
2017-05-31,provided,GLD,0.0
2017-06-30,provided,GLD,0.0
2017-07-31,provided,GLD,0.0
2017-08-31,provided,GLD,0.0
2017-09-30,provided,GLD,0.0
2017-10-31,provided,GLD,0.0
2017-11-30,provided,GLD,0.0
2017-12-31,provided,GLD,0.0
2018-01-31,provided,GLD,0.0
2018-02-28,provided,GLD,0.0
2018-03-31,provided,GLD,0.0
2018-04-30,provided,GLD,0.0
2018-05-31,provided,GLD,0.0
2018-06-30,provided,GLD,0.0
2018-07-31,provided,GLD,0.0
2018-08-31,provided,GLD,0.0
2018-09-30,provided,GLD,0.0
2018-10-31,provided,GLD,0.0
2018-11-30,provided,GLD,0.0
2018-12-31,provided,GLD,0.0
2019-01-31,provided,GLD,0.0
2019-02-28,provided,GLD,0.0
2019-03-31,provided,GLD,0.0
2019-04-30,provided,GLD,0.0
2019-05-31,provided,GLD,0.0
2019-06-30,provided,GLD,0.0
2019-07-31,provided,GLD,0.0
2019-08-31,provided,GLD,0.0
2019-09-30,provided,GLD,0.0
2019-10-31,provided,GLD,0.0
2019-11-30,provided,GLD,0.0
2019-12-31,provided,GLD,0.0
2020-01-31,provided,GLD,0.0
2020-02-29,provided,GLD,0.0
2020-03-31,provided,GLD,0.0
2020-04-30,provided,GLD,0.0
2020-05-31,provided,GLD,0.0
2020-06-30,provided,GLD,0.0
2020-07-31,provided,GLD,0.0
2020-08-31,provided,GLD,0.0
2020-09-30,provided,GLD,0.0
2020-10-31,provided,GLD,0.0
2020-11-30,provided,GLD,0.0
2020-12-31,provided,GLD,0.0
2021-01-31,provided,GLD,0.0
2021-02-28,provided,GLD,0.0
2021-03-31,provided,GLD,0.0
2021-04-30,provided,GLD,0.0
2021-05-31,provided,GLD,0.0
2021-06-30,provided,GLD,0.0
2021-07-31,provided,GLD,0.0
2021-08-31,provided,GLD,0.0
2021-09-30,provided,GLD,0.0
2021-10-31,provided,GLD,0.0
2021-11-30,provided,GLD,0.0
2021-12-31,provided,GLD,0.0
2022-01-31,provided,GLD,0.0
2022-02-28,provided,GLD,0.0
2022-03-31,provided,GLD,0.0
2022-04-30,provided,GLD,0.0
2022-05-31,provided,GLD,0.0
2022-06-30,provided,GLD,0.0
2022-07-31,provided,GLD,0.0
2022-08-31,provided,GLD,0.0
2022-09-30,provided,GLD,0.0
2022-10-31,provided,GLD,0.0
2022-11-30,provided,GLD,0.0
2022-12-31,provided,GLD,0.0
2023-01-31,provided,GLD,0.0
2023-02-28,provided,GLD,0.0
2023-03-31,provided,GLD,0.0
2023-04-30,provided,GLD,0.0
2023-05-31,provided,GLD,0.0
2023-06-30,provided,GLD,0.0
2023-07-31,provided,GLD,0.0
2023-08-31,provided,GLD,0.0
2023-09-30,provided,GLD,0.0
2023-10-31,provided,GLD,0.0
2023-11-30,provided,GLD,0.0
2023-12-31,provided,GLD,0.0
2024-01-31,provided,GLD,0.0
2024-02-29,provided,GLD,0.0
2024-03-31,provided,GLD,0.0
2024-04-30,provided,GLD,0.0
2024-05-31,provided,GLD,0.0
2024-06-30,provided,GLD,0.0
2024-07-31,provided,GLD,0.0
2024-08-31,provided,GLD,0.0
2024-09-30,provided,GLD,0.0
2024-10-31,provided,GLD,0.0
2024-11-30,provided,GLD,0.0
2024-12-31,provided,GLD,0.0
2025-01-31,provided,GLD,0.0
2025-02-28,provided,GLD,0.0
2025-03-31,provided,GLD,0.0
2025-04-30,provided,GLD,0.0
2025-05-31,provided,GLD,0.0
2025-06-30,provided,GLD,0.0
2025-07-31,provided,GLD,0.0
2025-08-31,provided,GLD,0.0
2025-09-30,provided,GLD,0.0
2025-10-31,provided,GLD,0.0
2025-11-30,provided,GLD,0.0
2025-12-31,provided,GLD,0.0
2026-01-31,provided,GLD,0.0
2026-02-28,provided,GLD,0.0
2026-03-31,provided,GLD,0.0
2026-04-30,provided,GLD,0.0
2026-05-31,provided,GLD,0.0
2026-06-30,provided,GLD,0.0
2026-07-31,provided,GLD,0.0
2015-11-30,provided,SLV,-0.009554691378127523
2015-12-31,provided,SLV,-0.009686567249020495
2016-01-31,provided,SLV,-0.0016753101067041865
2016-02-29,provided,SLV,0.0028958836528275465
2016-03-31,provided,SLV,-0.00045041246838551947
2016-04-30,provided,SLV,0.014823033397676932
2016-05-31,provided,SLV,0.002580061259038967
2016-06-30,provided,SLV,0.019809829707902606
2016-07-31,provided,SLV,0.024505355326205513
2016-08-31,provided,SLV,0.015961822574742046
2016-09-30,provided,SLV,0.01866484960759235
2016-10-31,provided,SLV,0.013640311072268086
2016-11-30,provided,SLV,0.002236946412154873
2016-12-31,provided,SLV,-0.0033023481335814784
2017-01-31,provided,SLV,0.004967738573927494
2017-02-28,provided,SLV,0.00548837670944804
2017-03-31,provided,SLV,0.004672511434634963
2017-04-30,provided,SLV,-0.001827340302766922
2017-05-31,provided,SLV,-0.0026864847547294346
2017-06-30,provided,SLV,-0.0074728244871858475
2017-07-31,provided,SLV,-0.008318835051862173
2017-08-31,provided,SLV,-0.0038936268677775892
2017-09-30,provided,SLV,-0.011374066857690036
2017-10-31,provided,SLV,-0.01341277420854873
2017-11-30,provided,SLV,-0.018242642082587548
2017-12-31,provided,SLV,-0.016360672071799344
2018-01-31,provided,SLV,-0.0197451600356342
2018-02-28,provided,SLV,-0.021552569284723645
2018-03-31,provided,SLV,-0.019134924530977815
2018-04-30,provided,SLV,-0.019846410041963025
2018-05-31,provided,SLV,-0.021757148992915976
2018-06-30,provided,SLV,-0.02433744145250457
2018-07-31,provided,SLV,-0.03160642119163298
2018-08-31,provided,SLV,-0.04136927115471243
2018-09-30,provided,SLV,-0.04137772997342495
2018-10-31,provided,SLV,-0.036797989526885656
2018-11-30,provided,SLV,-0.0393240448463572
2018-12-31,provided,SLV,-0.021510167092637204
2019-01-31,provided,SLV,-0.025866595824573096
2019-02-28,provided,SLV,-0.03189889573665155
2019-03-31,provided,SLV,-0.036784815872669144
2019-04-30,provided,SLV,-0.04199840515268019
2019-05-31,provided,SLV,-0.03826036093692205
2019-06-30,provided,SLV,-0.04023737682536084
2019-07-31,provided,SLV,-0.035608293573826
2019-08-31,provided,SLV,-0.021179217790194892
2019-09-30,provided,SLV,-0.030296999438514216
2019-10-31,provided,SLV,-0.026226049474816625
2019-11-30,provided,SLV,-0.03575606440928256
2019-12-31,provided,SLV,-0.033887731915930266
2020-01-31,provided,SLV,-0.033008016054281025
2020-02-29,provided,SLV,-0.0327608795446562
2020-03-31,provided,SLV,-0.03624286604929948
2020-04-30,provided,SLV,-0.04181478349768505
2020-05-31,provided,SLV,-0.02740906292969506
2020-06-30,provided,SLV,-0.027081648350369688
2020-07-31,provided,SLV,0.00018608773619801025
2020-08-31,provided,SLV,0.009012149946998567
2020-09-30,provided,SLV,-0.004742532638138857
2020-10-31,provided,SLV,-0.0006318050885743597
2020-11-30,provided,SLV,-0.015784169148911002
2020-12-31,provided,SLV,-0.002766903132805424
2021-01-31,provided,SLV,-3.8464703589017116e-05
2021-02-28,provided,SLV,-0.004139536108609479
2021-03-31,provided,SLV,-0.016627543891010534
2021-04-30,provided,SLV,-0.016147678923249777
2021-05-31,provided,SLV,-0.00893255907181101
2021-06-30,provided,SLV,-0.01766178418708525
2021-07-31,provided,SLV,-0.022539038812028567
2021-08-31,provided,SLV,-0.031820575996497256
2021-09-30,provided,SLV,-0.03447709650324848
2021-10-31,provided,SLV,-0.03384237249047171
2021-11-30,provided,SLV,-0.03770164845278016
2021-12-31,provided,SLV,-0.04018966410264598
2022-01-31,provided,SLV,-0.03821632732419667
2022-02-28,provided,SLV,-0.02651461373083593
2022-03-31,provided,SLV,-0.029124227404321086
2022-04-30,provided,SLV,-0.028389287871156993
2022-05-31,provided,SLV,-0.034318442454678015
2022-06-30,provided,SLV,-0.03212079201855248
2022-07-31,provided,SLV,-0.04100762873323637
2022-08-31,provided,SLV,-0.048264338252737474
2022-09-30,provided,SLV,-0.03347091529909372
2022-10-31,provided,SLV,-0.04091273086872436
2022-11-30,provided,SLV,-0.030524090468805845
2022-12-31,provided,SLV,-0.016978608311719545
2023-01-31,provided,SLV,-0.024130184610173643
2023-02-28,provided,SLV,-0.03357195356927215
2023-03-31,provided,SLV,-0.022191265198460874
2023-04-30,provided,SLV,-0.01981046875637177
2023-05-31,provided,SLV,-0.026315572097987017
2023-06-30,provided,SLV,-0.03612733195434627
2023-07-31,provided,SLV,-0.030784089335158894
2023-08-31,provided,SLV,-0.030481068238540535
2023-09-30,provided,SLV,-0.03489349100256485
2023-10-31,provided,SLV,-0.02957613316466652
2023-11-30,provided,SLV,-0.028462649335306116
2023-12-31,provided,SLV,-0.03886475840781634
2024-01-31,provided,SLV,-0.04445189125575128
2024-02-29,provided,SLV,-0.0505314211064217
2024-03-31,provided,SLV,-0.044057276437093576
2024-04-30,provided,SLV,-0.034311031200040566
2024-05-31,provided,SLV,-0.02394282241005198
2024-06-30,provided,SLV,-0.031757564761197635
2024-07-31,provided,SLV,-0.03364593319283491
2024-08-31,provided,SLV,-0.03613404155998743
2024-09-30,provided,SLV,-0.03041668488787641
2024-10-31,provided,SLV,-0.024596490018488838
2024-11-30,provided,SLV,-0.036899984290606105
2024-12-31,provided,SLV,-0.04018879984794586
2025-01-31,provided,SLV,-0.03459492566825051
2025-02-28,provided,SLV,-0.034026942432527976
2025-03-31,provided,SLV,-0.018988410829279358
2025-04-30,provided,SLV,-0.0226067101143421
2025-05-31,provided,SLV,-0.02753986453361994
2025-06-30,provided,SLV,-0.023311805249023744
2025-07-31,provided,SLV,-0.024060560924393418
2025-08-31,provided,SLV,-0.017499057113850604
2025-09-30,provided,SLV,-0.003984558560326448
2025-10-31,provided,SLV,-0.0024976360558098174
2025-11-30,provided,SLV,0.01366728401080732
2025-12-31,provided,SLV,0.039383275407288275
2026-01-31,provided,SLV,0.055015998309872624
2026-02-28,provided,SLV,0.06853925447436186
2026-03-31,provided,SLV,0.053651350569642584
2026-04-30,provided,SLV,0.04097408930776525
2026-05-31,provided,SLV,0.038216761644579635
2026-06-30,provided,SLV,0.01749861566618477
2026-07-31,provided,SLV,0.015387866226810099
2015-11-30,provided,AIA,-0.004463583555734329
2015-12-31,provided,AIA,-0.005827007950952017
2016-01-31,provided,AIA,-0.010069458084107946
2016-02-29,provided,AIA,-0.009868592697858425
2016-03-31,provided,AIA,-0.003184910858364109
2016-04-30,provided,AIA,-0.005367790469816407
2016-05-31,provided,AIA,-0.008199292028603004
2016-06-30,provided,AIA,-0.0013948802489115158
2016-07-31,provided,AIA,0.0015983585725894496
2016-08-31,provided,AIA,0.004947801778883472
2016-09-30,provided,AIA,0.010561374765228478
2016-10-31,provided,AIA,0.009958349380015675
2016-11-30,provided,AIA,0.002413429225078435
2016-12-31,provided,AIA,-0.0046658270190419
2017-01-31,provided,AIA,0.004230823197973123
2017-02-28,provided,AIA,0.0013485000805189677
2017-03-31,provided,AIA,0.00617970120684427
2017-04-30,provided,AIA,0.00823300233762744
2017-05-31,provided,AIA,0.012618389796753771
2017-06-30,provided,AIA,0.015087813656787064
2017-07-31,provided,AIA,0.01995467831012343
2017-08-31,provided,AIA,0.02158507840810393
2017-09-30,provided,AIA,0.01939829676078313
2017-10-31,provided,AIA,0.023954019027784636
2017-11-30,provided,AIA,0.021572280427268678
2017-12-31,provided,AIA,0.022486020101413397
2018-01-31,provided,AIA,0.027092440435406175
2018-02-28,provided,AIA,0.022600842499454946
2018-03-31,provided,AIA,0.02948723337636833
2018-04-30,provided,AIA,0.026514880047979163
2018-05-31,provided,AIA,0.02097321384632546
2018-06-30,provided,AIA,0.01263268038746834
2018-07-31,provided,AIA,0.008962954338505401
2018-08-31,provided,AIA,0.0025470930083782532
2018-09-30,provided,AIA,0.0007966583316377279
2018-10-31,provided,AIA,-0.006781149864098718
2018-11-30,provided,AIA,-0.0020158234432520244
2018-12-31,provided,AIA,0.007407584713791003
2019-01-31,provided,AIA,0.009882372320865983
2019-02-28,provided,AIA,0.004846826797893427
2019-03-31,provided,AIA,0.0035433221218782057
2019-04-30,provided,AIA,0.002420411722499865
2019-05-31,provided,AIA,-0.002567540354969045
2019-06-30,provided,AIA,-0.000756707583399175
2019-07-31,provided,AIA,-0.006868799737248966
2019-08-31,provided,AIA,-0.012147562810087921
2019-09-30,provided,AIA,-0.009658906550031378
2019-10-31,provided,AIA,-0.006527380343063584
2019-11-30,provided,AIA,-0.010975977998512344
2019-12-31,provided,AIA,-0.0018275176443990366
2020-01-31,provided,AIA,-0.010516937020335
2020-02-29,provided,AIA,0.000754554491474534
2020-03-31,provided,AIA,0.004485202492951283
2020-04-30,provided,AIA,-0.0045461618393736365
2020-05-31,provided,AIA,-0.01176866750712834
2020-06-30,provided,AIA,0.0001321888210521465
2020-07-31,provided,AIA,0.002091868963930242
2020-08-31,provided,AIA,-0.003138353507780135
2020-09-30,provided,AIA,0.0021032392651468873
2020-10-31,provided,AIA,0.010939319422319418
2020-11-30,provided,AIA,0.009671244448559537
2020-12-31,provided,AIA,0.015481372127521934
2021-01-31,provided,AIA,0.028194994161248564
2021-02-28,provided,AIA,0.025721604195985136
2021-03-31,provided,AIA,0.014873949003341163
2021-04-30,provided,AIA,0.006986157353815553
2021-05-31,provided,AIA,0.0045371927355882915
2021-06-30,provided,AIA,0.002478872042666347
2021-07-31,provided,AIA,-0.013785340979948334
2021-08-31,provided,AIA,-0.019768091092767462
2021-09-30,provided,AIA,-0.021622012943694223
2021-10-31,provided,AIA,-0.02867463606982512
2021-11-30,provided,AIA,-0.03403112654187393
2021-12-31,provided,AIA,-0.03947184412340476
2022-01-31,provided,AIA,-0.029914844922859934
2022-02-28,provided,AIA,-0.035216000621921234
2022-03-31,provided,AIA,-0.048626005521775914
2022-04-30,provided,AIA,-0.044662204737957095
2022-05-31,provided,AIA,-0.04218334250638654
2022-06-30,provided,AIA,-0.0353159918955101
2022-07-31,provided,AIA,-0.054938794662024865
2022-08-31,provided,AIA,-0.05157925348592106
2022-09-30,provided,AIA,-0.061225909618365694
2022-10-31,provided,AIA,-0.08573691165905903
2022-11-30,provided,AIA,-0.05354746207160052
2022-12-31,provided,AIA,-0.04624793386434245
2023-01-31,provided,AIA,-0.03424113217963951
2023-02-28,provided,AIA,-0.04550444945755595
2023-03-31,provided,AIA,-0.04196583993141572
2023-04-30,provided,AIA,-0.05206930688889281
2023-05-31,provided,AIA,-0.05490789721818062
2023-06-30,provided,AIA,-0.05881927086541464
2023-07-31,provided,AIA,-0.054314924670913846
2023-08-31,provided,AIA,-0.06440675191997658
2023-09-30,provided,AIA,-0.06398522648283607
2023-10-31,provided,AIA,-0.06478668372144367
2023-11-30,provided,AIA,-0.06889601887269287
2023-12-31,provided,AIA,-0.07159678626781069
2024-01-31,provided,AIA,-0.08348203160057491
2024-02-29,provided,AIA,-0.0832437920929721
2024-03-31,provided,AIA,-0.07900017991517493
2024-04-30,provided,AIA,-0.07127210532433788
2024-05-31,provided,AIA,-0.07235965252958541
2024-06-30,provided,AIA,-0.06957923014202262
2024-07-31,provided,AIA,-0.07204379365240435
2024-08-31,provided,AIA,-0.07424659306474057
2024-09-30,provided,AIA,-0.06653678967852447
2024-10-31,provided,AIA,-0.06679620066240408
2024-11-30,provided,AIA,-0.08050279149371085
2024-12-31,provided,AIA,-0.07673256258589899
2025-01-31,provided,AIA,-0.07624975944520342
2025-02-28,provided,AIA,-0.06704626776349344
2025-03-31,provided,AIA,-0.060571855025846916
2025-04-30,provided,AIA,-0.06403980611404296
2025-05-31,provided,AIA,-0.06357364407096865
2025-06-30,provided,AIA,-0.05674230192877645
2025-07-31,provided,AIA,-0.056311003207626706
2025-08-31,provided,AIA,-0.05632253591186347
2025-09-30,provided,AIA,-0.04444903016398135
2025-10-31,provided,AIA,-0.04109544757008617
2025-11-30,provided,AIA,-0.046950245280571325
2025-12-31,provided,AIA,-0.040916393139900975
2026-01-31,provided,AIA,-0.02489815966934117
2026-02-28,provided,AIA,-0.011723670212260996
2026-03-31,provided,AIA,-0.01940315801267687
2026-04-30,provided,AIA,-0.009400341083777531
2026-05-31,provided,AIA,0.0043531705222051836
2026-06-30,provided,AIA,0.0057383989422751394
2026-07-31,provided,AIA,-0.002996586019066762
2015-11-30,provided,XLE,-0.0005702679697677959
2015-12-31,provided,XLE,-0.01375336497418876
2016-01-31,provided,XLE,-0.011532347936937139
2016-02-29,provided,XLE,-0.015608723256968316
2016-03-31,provided,XLE,-0.010449806700105757
2016-04-30,provided,XLE,0.0025557452319052033
2016-05-31,provided,XLE,-0.0013959840974323906
2016-06-30,provided,XLE,0.0021637128006845576
2016-07-31,provided,XLE,-0.005197415562264074
2016-08-31,provided,XLE,-0.0028614728183842036
2016-09-30,provided,XLE,0.002662132409070794
2016-10-31,provided,XLE,0.001035317382851236
2016-11-30,provided,XLE,0.008209858313239686
2016-12-31,provided,XLE,0.007765245180733076
2017-01-31,provided,XLE,0.0002616405356740282
2017-02-28,provided,XLE,-0.00875974265056434
2017-03-31,provided,XLE,-0.011176213538031766
2017-04-30,provided,XLE,-0.017085739404705813
2017-05-31,provided,XLE,-0.02450926918577461
2017-06-30,provided,XLE,-0.025632976407506267
2017-07-31,provided,XLE,-0.02478820509093602
2017-08-31,provided,XLE,-0.03344410507649045
2017-09-30,provided,XLE,-0.0211930909385961
2017-10-31,provided,XLE,-0.025976220350578425
2017-11-30,provided,XLE,-0.02793266421603294
2017-12-31,provided,XLE,-0.021847710454291933
2018-01-31,provided,XLE,-0.024925162670914124
2018-02-28,provided,XLE,-0.03572361871287931
2018-03-31,provided,XLE,-0.029027481079374282
2018-04-30,provided,XLE,-0.015561499699825574
2018-05-31,provided,XLE,-0.014716579527539473
2018-06-30,provided,XLE,-0.014724919855859317
2018-07-31,provided,XLE,-0.017951119493660857
2018-08-31,provided,XLE,-0.02795177081879118
2018-09-30,provided,XLE,-0.025174591373045445
2018-10-31,provided,XLE,-0.031801336305367946
2018-11-30,provided,XLE,-0.03692883573130647
2018-12-31,provided,XLE,-0.0423803086930581
2019-01-31,provided,XLE,-0.0375723999068034
2019-02-28,provided,XLE,-0.03897765552225782
2019-03-31,provided,XLE,-0.03850056787925124
2019-04-30,provided,XLE,-0.04465107906601868
2019-05-31,provided,XLE,-0.05173944931021508
2019-06-30,provided,XLE,-0.048084756550660704
2019-07-31,provided,XLE,-0.05273057140395748
2019-08-31,provided,XLE,-0.06270713097060589
2019-09-30,provided,XLE,-0.05972434178014072
2019-10-31,provided,XLE,-0.06618191139159957
2019-11-30,provided,XLE,-0.06920483597539415
2019-12-31,provided,XLE,-0.06452382831524507
2020-01-31,provided,XLE,-0.08095223239183058
2020-02-29,provided,XLE,-0.09200964538002546
2020-03-31,provided,XLE,-0.12483541876598717
2020-04-30,provided,XLE,-0.09773702187667345
2020-05-31,provided,XLE,-0.10188384544683267
2020-06-30,provided,XLE,-0.10618730669225761
2020-07-31,provided,XLE,-0.12223379757825209
2020-08-31,provided,XLE,-0.1342853388240031
2020-09-30,provided,XLE,-0.15057873618044013
2020-10-31,provided,XLE,-0.15299897856028608
2020-11-30,provided,XLE,-0.1273238773506138
2020-12-31,provided,XLE,-0.12616093280668317
2021-01-31,provided,XLE,-0.11901230446658387
2021-02-28,provided,XLE,-0.08949802382418565
2021-03-31,provided,XLE,-0.09185138081329168
2021-04-30,provided,XLE,-0.09877902673784597
2021-05-31,provided,XLE,-0.09119943890496444
2021-06-30,provided,XLE,-0.08821262498099337
2021-07-31,provided,XLE,-0.10434895510622048
2021-08-31,provided,XLE,-0.11181966037522816
2021-09-30,provided,XLE,-0.09143155955268548
2021-10-31,provided,XLE,-0.08646365171367484
2021-11-30,provided,XLE,-0.09277542045805123
2021-12-31,provided,XLE,-0.09523752050517406
2022-01-31,provided,XLE,-0.05916412076817661
2022-02-28,provided,XLE,-0.04413280916115631
2022-03-31,provided,XLE,-0.03576346933974323
2022-04-30,provided,XLE,-0.025129493141161315
2022-05-31,provided,XLE,-0.0014162168587040953
2022-06-30,provided,XLE,-0.014657358528498953
2022-07-31,provided,XLE,-0.013975962991145452
2022-08-31,provided,XLE,-0.0038771009295732687
2022-09-30,provided,XLE,-0.004348331796982213
2022-10-31,provided,XLE,0.020908260822045027
2022-11-30,provided,XLE,0.014486214818280725
2022-12-31,provided,XLE,0.018557010988962425
2023-01-31,provided,XLE,0.013342556453989112
2023-02-28,provided,XLE,0.006705818322252754
2023-03-31,provided,XLE,0.0011521430948575155
2023-04-30,provided,XLE,0.0029210606348253113
2023-05-31,provided,XLE,-0.01281897111322674
2023-06-30,provided,XLE,-0.012168848727680282
2023-07-31,provided,XLE,-0.005418107049613963
2023-08-31,provided,XLE,-0.0005111943654944173
2023-09-30,provided,XLE,0.010208943854036222
2023-10-31,provided,XLE,0.0048359543182810985
2023-11-30,provided,XLE,-0.009939691755661818
2023-12-31,provided,XLE,-0.016672226138404547
2024-01-31,provided,XLE,-0.019830486803281734
2024-02-29,provided,XLE,-0.02274905149698413
2024-03-31,provided,XLE,-0.011924779178380897
2024-04-30,provided,XLE,-0.007290899640866801
2024-05-31,provided,XLE,-0.01539111703864845
2024-06-30,provided,XLE,-0.022804389889040533
2024-07-31,provided,XLE,-0.021230736755051962
2024-08-31,provided,XLE,-0.027841424867252586
2024-09-30,provided,XLE,-0.03551932153149999
2024-10-31,provided,XLE,-0.0328311390284609
2024-11-30,provided,XLE,-0.030025384057534802
2024-12-31,provided,XLE,-0.040785696196312754
2025-01-31,provided,XLE,-0.04134699086583758
2025-02-28,provided,XLE,-0.03369195105163328
2025-03-31,provided,XLE,-0.020094240226510535
2025-04-30,provided,XLE,-0.03958025331578619
2025-05-31,provided,XLE,-0.04708772775045223
2025-06-30,provided,XLE,-0.04749174320514907
2025-07-31,provided,XLE,-0.04670169345296368
2025-08-31,provided,XLE,-0.044310042757465154
2025-09-30,provided,XLE,-0.05013039653999693
2025-10-31,provided,XLE,-0.055737581677401914
2025-11-30,provided,XLE,-0.05208136570024822
2025-12-31,provided,XLE,-0.052645014882545076
2026-01-31,provided,XLE,-0.03358527307889058
2026-02-28,provided,XLE,-0.01797948542908146
2026-03-31,provided,XLE,0.004825140591183545
2026-04-30,provided,XLE,-0.014874967626546175
2026-05-31,provided,XLE,-0.031218116144075634
2026-06-30,provided,XLE,-0.037127557977236936
2026-07-31,provided,XLE,-0.018991123905563092
2015-11-30,optimized,QQQ,0.0005355509358645697
2015-12-31,optimized,QQQ,0.00082936543872261
2016-01-31,optimized,QQQ,-0.003422471721976271
2016-02-29,optimized,QQQ,-0.006686043292767209
2016-03-31,optimized,QQQ,-0.006408594006773991
2016-04-30,optimized,QQQ,-0.014290221565088157
2016-05-31,optimized,QQQ,-0.008416036539864636
2016-06-30,optimized,QQQ,-0.014195022029757892
2016-07-31,optimized,QQQ,-0.006483410187406236
2016-08-31,optimized,QQQ,-0.004435744996164248
2016-09-30,optimized,QQQ,0.00042346594051658
2016-10-31,optimized,QQQ,0.001032029976690579
2016-11-30,optimized,QQQ,-0.0061166601524027114
2016-12-31,optimized,QQQ,-0.008086365376454819
2017-01-31,optimized,QQQ,-0.000711588365222237
2017-02-28,optimized,QQQ,0.00026980570239247244
2017-03-31,optimized,QQQ,0.004455799567869663
2017-04-30,optimized,QQQ,0.008273180028803177
2017-05-31,optimized,QQQ,0.013744907246472367
2017-06-30,optimized,QQQ,0.0072400720775102545
2017-07-31,optimized,QQQ,0.011655001474336003
2017-08-31,optimized,QQQ,0.015576863655489635
2017-09-30,optimized,QQQ,0.01049205018103852
2017-10-31,optimized,QQQ,0.015444324680464621
2017-11-30,optimized,QQQ,0.013056541802565476
2017-12-31,optimized,QQQ,0.011714612640427896
2018-01-31,optimized,QQQ,0.01858429508418875
2018-02-28,optimized,QQQ,0.02374176754439266
2018-03-31,optimized,QQQ,0.020797374250392943
2018-04-30,optimized,QQQ,0.02077320241068577
2018-05-31,optimized,QQQ,0.02790888065206265
2018-06-30,optimized,QQQ,0.02916327533979271
2018-07-31,optimized,QQQ,0.027164229258157854
2018-08-31,optimized,QQQ,0.032861888141753226
2018-09-30,optimized,QQQ,0.030933511491583722
2018-10-31,optimized,QQQ,0.0272240967982545
2018-11-30,optimized,QQQ,0.022558214638411758
2018-12-31,optimized,QQQ,0.022875438325961638
2019-01-31,optimized,QQQ,0.02508564992099238
2019-02-28,optimized,QQQ,0.024534519260070175
2019-03-31,optimized,QQQ,0.02918868754731168
2019-04-30,optimized,QQQ,0.03230086715443408
2019-05-31,optimized,QQQ,0.028233394313912738
2019-06-30,optimized,QQQ,0.029622919473070976
2019-07-31,optimized,QQQ,0.031434242777218555
2019-08-31,optimized,QQQ,0.03093846159773935
2019-09-30,optimized,QQQ,0.028676044588559622
2019-10-31,optimized,QQQ,0.03345136643748334
2019-11-30,optimized,QQQ,0.034440893279837785
2019-12-31,optimized,QQQ,0.036599688098053945
2020-01-31,optimized,QQQ,0.04337616622264786
2020-02-29,optimized,QQQ,0.047468137623436595
2020-03-31,optimized,QQQ,0.058916130620562765
2020-04-30,optimized,QQQ,0.06392428811536012
2020-05-31,optimized,QQQ,0.06796609260067496
2020-06-30,optimized,QQQ,0.07789975012209398
2020-07-31,optimized,QQQ,0.08110725320632646
2020-08-31,optimized,QQQ,0.0898343368968349
2020-09-30,optimized,QQQ,0.08535694714221825
2020-10-31,optimized,QQQ,0.08414292637337127
2020-11-30,optimized,QQQ,0.08490905440891212
2020-12-31,optimized,QQQ,0.08754497466193101
2021-01-31,optimized,QQQ,0.09036320360776648
2021-02-28,optimized,QQQ,0.0839493131897496
2021-03-31,optimized,QQQ,0.07773559453541838
2021-04-30,optimized,QQQ,0.07909746509354149
2021-05-31,optimized,QQQ,0.0750083815411663
2021-06-30,optimized,QQQ,0.08385507658461899
2021-07-31,optimized,QQQ,0.08477887113740805
2021-08-31,optimized,QQQ,0.08751396910682316
2021-09-30,optimized,QQQ,0.08526315133932243
2021-10-31,optimized,QQQ,0.0871288845097986
2021-11-30,optimized,QQQ,0.09329239130335303
2021-12-31,optimized,QQQ,0.08564956551194812
2022-01-31,optimized,QQQ,0.0780057470970274
2022-02-28,optimized,QQQ,0.07465082660185096
2022-03-31,optimized,QQQ,0.07665127985982002
2022-04-30,optimized,QQQ,0.0660449748452015
2022-05-31,optimized,QQQ,0.06205599540957882
2022-06-30,optimized,QQQ,0.06059935091031666
2022-07-31,optimized,QQQ,0.06795722410373899
2022-08-31,optimized,QQQ,0.06564181719110083
2022-09-30,optimized,QQQ,0.06280041050596931
2022-10-31,optimized,QQQ,0.053715365582117675
2022-11-30,optimized,QQQ,0.05368238138397768
2022-12-31,optimized,QQQ,0.04652722478617412
2023-01-31,optimized,QQQ,0.05611079995053262
2023-02-28,optimized,QQQ,0.060852802474390115
2023-03-31,optimized,QQQ,0.07358544851248883
2023-04-30,optimized,QQQ,0.07118729603936101
2023-05-31,optimized,QQQ,0.08752342842511894
2023-06-30,optimized,QQQ,0.08713583816778285
2023-07-31,optimized,QQQ,0.08842737933130095
2023-08-31,optimized,QQQ,0.08874032117998971
2023-09-30,optimized,QQQ,0.0879998174201486
2023-10-31,optimized,QQQ,0.08823177254101246
2023-11-30,optimized,QQQ,0.09193929350388375
2023-12-31,optimized,QQQ,0.09418742867148405
2024-01-31,optimized,QQQ,0.09468607777829428
2024-02-29,optimized,QQQ,0.09482838110434033
2024-03-31,optimized,QQQ,0.09043691270635712
2024-04-30,optimized,QQQ,0.08968456571739196
2024-05-31,optimized,QQQ,0.09209207455389458
2024-06-30,optimized,QQQ,0.09856772395433522
2024-07-31,optimized,QQQ,0.0922089954001001
2024-08-31,optimized,QQQ,0.08949587441266701
2024-09-30,optimized,QQQ,0.09064285537429459
2024-10-31,optimized,QQQ,0.09070387704472166
2024-11-30,optimized,QQQ,0.08935572108140555
2024-12-31,optimized,QQQ,0.09565070638937334
2025-01-31,optimized,QQQ,0.09450124461628731
2025-02-28,optimized,QQQ,0.09134505929609504
2025-03-31,optimized,QQQ,0.08691164322636316
2025-04-30,optimized,QQQ,0.09189434411328459
2025-05-31,optimized,QQQ,0.09826354306199034
2025-06-30,optimized,QQQ,0.10100870828537976
2025-07-31,optimized,QQQ,0.10127401053634127
2025-08-31,optimized,QQQ,0.09885736197781227
2025-09-30,optimized,QQQ,0.10285036494557523
2025-10-31,optimized,QQQ,0.10812539122048206
2025-11-30,optimized,QQQ,0.10426036807643912
2025-12-31,optimized,QQQ,0.10261030852573676
2026-01-31,optimized,QQQ,0.10207518774298945
2026-02-28,optimized,QQQ,0.0988169705583281
2026-03-31,optimized,QQQ,0.0990364047356919
2026-04-30,optimized,QQQ,0.11044815950659613
2026-05-31,optimized,QQQ,0.12212646623418598
2026-06-30,optimized,QQQ,0.12406372678819423
2026-07-31,optimized,QQQ,0.10951799883398186
2015-11-30,optimized,SPMO,0.002815880035999132
2015-12-31,optimized,SPMO,0.0011766187057792462
2016-01-31,optimized,SPMO,0.005348267186436483
2016-02-29,optimized,SPMO,0.004843943492580474
2016-03-31,optimized,SPMO,-0.0008498738976466715
2016-04-30,optimized,SPMO,-0.00040615964981265286
2016-05-31,optimized,SPMO,-0.007438973978502406
2016-06-30,optimized,SPMO,-0.011294651394093087
2016-07-31,optimized,SPMO,-0.006224859521453615
2016-08-31,optimized,SPMO,-0.0067313137134960704
2016-09-30,optimized,SPMO,-0.004658062154038028
2016-10-31,optimized,SPMO,-0.005201062157626947
2016-11-30,optimized,SPMO,-0.023423720689853447
2016-12-31,optimized,SPMO,-0.017919947905556642
2017-01-31,optimized,SPMO,-0.021626201330951052
2017-02-28,optimized,SPMO,-0.021393256862690595
2017-03-31,optimized,SPMO,-0.02986715110243346
2017-04-30,optimized,SPMO,-0.02301938861424905
2017-05-31,optimized,SPMO,-0.021143220555262594
2017-06-30,optimized,SPMO,-0.017353248736134377
2017-07-31,optimized,SPMO,-0.016207427587346616
2017-08-31,optimized,SPMO,-0.012940576429377527
2017-09-30,optimized,SPMO,-0.01633752724377811
2017-10-31,optimized,SPMO,0.006597665352272783
2017-11-30,optimized,SPMO,0.004724031246291853
2017-12-31,optimized,SPMO,0.0038737070788563244
2018-01-31,optimized,SPMO,0.010887680371463185
2018-02-28,optimized,SPMO,0.024145689420223583
2018-03-31,optimized,SPMO,0.019014880260145046
2018-04-30,optimized,SPMO,0.022808884382388227
2018-05-31,optimized,SPMO,0.029246868542593892
2018-06-30,optimized,SPMO,0.02676453602816395
2018-07-31,optimized,SPMO,0.026050321794337014
2018-08-31,optimized,SPMO,0.0314033903653785
2018-09-30,optimized,SPMO,0.0346688683592257
2018-10-31,optimized,SPMO,0.022421856797246648
2018-11-30,optimized,SPMO,0.02128640514073367
2018-12-31,optimized,SPMO,0.021580044233857402
2019-01-31,optimized,SPMO,0.02644028231176347
2019-02-28,optimized,SPMO,0.029360236589925245
2019-03-31,optimized,SPMO,0.03361372760083789
2019-04-30,optimized,SPMO,0.020708307645783512
2019-05-31,optimized,SPMO,0.03720180563071519
2019-06-30,optimized,SPMO,0.02818477137187462
2019-07-31,optimized,SPMO,0.025432386049694524
2019-08-31,optimized,SPMO,0.030894685671657887
2019-09-30,optimized,SPMO,0.02396880441817954
2019-10-31,optimized,SPMO,0.013485057662267468
2019-11-30,optimized,SPMO,0.006502923275086164
2019-12-31,optimized,SPMO,0.0026012055273614146
2020-01-31,optimized,SPMO,0.01548655235801389
2020-02-29,optimized,SPMO,0.013895371705033233
2020-03-31,optimized,SPMO,0.03056044214265579
2020-04-30,optimized,SPMO,0.023840021707245307
2020-05-31,optimized,SPMO,0.03243657364287731
2020-06-30,optimized,SPMO,0.03582388733425966
2020-07-31,optimized,SPMO,0.04333094387370068
2020-08-31,optimized,SPMO,0.04972950420697336
2020-09-30,optimized,SPMO,0.05702540601173412
2020-10-31,optimized,SPMO,0.049453837402387194
2020-11-30,optimized,SPMO,0.03599202044359677
2020-12-31,optimized,SPMO,0.03309594426991465
2021-01-31,optimized,SPMO,0.03816479589944116
2021-02-28,optimized,SPMO,0.02030999783403112
2021-03-31,optimized,SPMO,0.008093630270535489
2021-04-30,optimized,SPMO,0.00839963077948363
2021-05-31,optimized,SPMO,0.0022922798414213392
2021-06-30,optimized,SPMO,0.023151933486305783
2021-07-31,optimized,SPMO,0.022249623862908765
2021-08-31,optimized,SPMO,0.02908690910425319
2021-09-30,optimized,SPMO,0.028540188688002965
2021-10-31,optimized,SPMO,0.030035332678449597
2021-11-30,optimized,SPMO,0.021122958658378276
2021-12-31,optimized,SPMO,0.01282633370868624
2022-01-31,optimized,SPMO,0.008210995165219918
2022-02-28,optimized,SPMO,0.012069678462225265
2022-03-31,optimized,SPMO,0.011209669047654391
2022-04-30,optimized,SPMO,0.012264690275778537
2022-05-31,optimized,SPMO,0.01788850818611459
2022-06-30,optimized,SPMO,0.018126721757247687
2022-07-31,optimized,SPMO,0.01262550833491416
2022-08-31,optimized,SPMO,0.01738594642985994
2022-09-30,optimized,SPMO,0.026983944500398458
2022-10-31,optimized,SPMO,0.05004439706870612
2022-11-30,optimized,SPMO,0.03993056400423843
2022-12-31,optimized,SPMO,0.05092512969385179
2023-01-31,optimized,SPMO,0.022392955927967806
2023-02-28,optimized,SPMO,0.013721258647107649
2023-03-31,optimized,SPMO,0.005504858953901863
2023-04-30,optimized,SPMO,0.011002614473357139
2023-05-31,optimized,SPMO,-0.014239461090509012
2023-06-30,optimized,SPMO,-0.016083547399481986
2023-07-31,optimized,SPMO,-0.022487683646453788
2023-08-31,optimized,SPMO,-0.005607224579488618
2023-09-30,optimized,SPMO,0.009237943285972624
2023-10-31,optimized,SPMO,0.009987351789662638
2023-11-30,optimized,SPMO,0.012864739595299742
2023-12-31,optimized,SPMO,0.02108958335511396
2024-01-31,optimized,SPMO,0.03820632115485213
2024-02-29,optimized,SPMO,0.06472874224027506
2024-03-31,optimized,SPMO,0.0684963393183341
2024-04-30,optimized,SPMO,0.06250976792699044
2024-05-31,optimized,SPMO,0.07217519625813461
2024-06-30,optimized,SPMO,0.08898680970561239
2024-07-31,optimized,SPMO,0.07680601129690032
2024-08-31,optimized,SPMO,0.08290660275294322
2024-09-30,optimized,SPMO,0.08093759772277077
2024-10-31,optimized,SPMO,0.08555123187235263
2024-11-30,optimized,SPMO,0.08831770063493483
2024-12-31,optimized,SPMO,0.09138372504026095
2025-01-31,optimized,SPMO,0.10241535739277331
2025-02-28,optimized,SPMO,0.10676960008566667
2025-03-31,optimized,SPMO,0.10027296335711954
2025-04-30,optimized,SPMO,0.11326348730682753
2025-05-31,optimized,SPMO,0.13489298435087402
2025-06-30,optimized,SPMO,0.14263620158982054
2025-07-31,optimized,SPMO,0.1450037742670347
2025-08-31,optimized,SPMO,0.13921382199742763
2025-09-30,optimized,SPMO,0.14147161943941747
2025-10-31,optimized,SPMO,0.1336263592750252
2025-11-30,optimized,SPMO,0.1273111629680133
2025-12-31,optimized,SPMO,0.1251825403494959
2026-01-31,optimized,SPMO,0.12089919592371821
2026-02-28,optimized,SPMO,0.12314272840086607
2026-03-31,optimized,SPMO,0.11909507258243904
2026-04-30,optimized,SPMO,0.15645015374812465
2026-05-31,optimized,SPMO,0.1872989329209157
2026-06-30,optimized,SPMO,0.22309932249194864
2026-07-31,optimized,SPMO,0.17658757475513115
2015-11-30,optimized,GDX,-0.001620685903672395
2015-12-31,optimized,GDX,-0.0011776276451868628
2016-01-31,optimized,GDX,0.00047459272303170983
2016-02-29,optimized,GDX,0.007521182410590807
2016-03-31,optimized,GDX,0.006809628592148389
2016-04-30,optimized,GDX,0.012403921381448737
2016-05-31,optimized,GDX,0.009643783290906045
2016-06-30,optimized,GDX,0.01396688599987393
2016-07-31,optimized,GDX,0.015270528458711905
2016-08-31,optimized,GDX,0.012025660535532744
2016-09-30,optimized,GDX,0.012737163850442245
2016-10-31,optimized,GDX,0.011675708398733935
2016-11-30,optimized,GDX,0.008055777283976589
2016-12-31,optimized,GDX,0.007803646365406428
2017-01-31,optimized,GDX,0.01023821732746385
2017-02-28,optimized,GDX,0.008606819921426322
2017-03-31,optimized,GDX,0.008548834256335937
2017-04-30,optimized,GDX,0.007865661907359846
2017-05-31,optimized,GDX,0.007992814823858718
2017-06-30,optimized,GDX,0.007350115224910423
2017-07-31,optimized,GDX,0.007635566785755581
2017-08-31,optimized,GDX,0.009151481756773756
2017-09-30,optimized,GDX,0.007386282203818898
2017-10-31,optimized,GDX,0.006526951809724104
2017-11-30,optimized,GDX,0.005927696919000512
2017-12-31,optimized,GDX,0.006516785513938689
2018-01-31,optimized,GDX,0.005851769077155528
2018-02-28,optimized,GDX,0.0046016504091291235
2018-03-31,optimized,GDX,0.0057015490959798866
2018-04-30,optimized,GDX,0.005865432880653825
2018-05-31,optimized,GDX,0.005447721900161887
2018-06-30,optimized,GDX,0.005310638473328659
2018-07-31,optimized,GDX,0.003702610111618522
2018-08-31,optimized,GDX,0.0006067171121695455
2018-09-30,optimized,GDX,0.0004605743931618791
2018-10-31,optimized,GDX,0.00222374424700449
2018-11-30,optimized,GDX,0.002028632941114376
2018-12-31,optimized,GDX,0.00586756029946644
2019-01-31,optimized,GDX,0.005786392347951984
2019-02-28,optimized,GDX,0.004776738602394827
2019-03-31,optimized,GDX,0.004583365190730395
2019-04-30,optimized,GDX,0.002475208884408191
2019-05-31,optimized,GDX,0.004355054614548561
2019-06-30,optimized,GDX,0.0065636828639277535
2019-07-31,optimized,GDX,0.006982191402892397
2019-08-31,optimized,GDX,0.009755875582957839
2019-09-30,optimized,GDX,0.007341336908685063
2019-10-31,optimized,GDX,0.007955994273178944
2019-11-30,optimized,GDX,0.006521972178573767
2019-12-31,optimized,GDX,0.007678546847817675
2020-01-31,optimized,GDX,0.007494956810205561
2020-02-29,optimized,GDX,0.007178345229225057
2020-03-31,optimized,GDX,0.00724771077783395
2020-04-30,optimized,GDX,0.01252684364023375
2020-05-31,optimized,GDX,0.01284010333203198
2020-06-30,optimized,GDX,0.013826214522092165
2020-07-31,optimized,GDX,0.01598611696278069
2020-08-31,optimized,GDX,0.014335847114416817
2020-09-30,optimized,GDX,0.013637651651937224
2020-10-31,optimized,GDX,0.013295384237304475
2020-11-30,optimized,GDX,0.009744975526082346
2020-12-31,optimized,GDX,0.009880508589230601
2021-01-31,optimized,GDX,0.009267341278840938
2021-02-28,optimized,GDX,0.006837379968737648
2021-03-31,optimized,GDX,0.006810516891220918
2021-04-30,optimized,GDX,0.006894000645535351
2021-05-31,optimized,GDX,0.009612857541610299
2021-06-30,optimized,GDX,0.006512734125568454
2021-07-31,optimized,GDX,0.00657555238918998
2021-08-31,optimized,GDX,0.00471662859753652
2021-09-30,optimized,GDX,0.003761891833326794
2021-10-31,optimized,GDX,0.0038748613757935073
2021-11-30,optimized,GDX,0.004084970039450889
2021-12-31,optimized,GDX,0.0036713961986085384
2022-01-31,optimized,GDX,0.0036046127928600503
2022-02-28,optimized,GDX,0.006827819622413319
2022-03-31,optimized,GDX,0.008332851063578705
2022-04-30,optimized,GDX,0.008335841900566653
2022-05-31,optimized,GDX,0.00649181308123248
2022-06-30,optimized,GDX,0.00543606659941352
2022-07-31,optimized,GDX,0.0028731632876865696
2022-08-31,optimized,GDX,0.0018447049708354834
2022-09-30,optimized,GDX,0.003890947950644357
2022-10-31,optimized,GDX,0.0023524251848530456
2022-11-30,optimized,GDX,0.005189372005175194
2022-12-31,optimized,GDX,0.0063662201241995705
2023-01-31,optimized,GDX,0.0074164684365162796
2023-02-28,optimized,GDX,0.005180545183957645
2023-03-31,optimized,GDX,0.007863847866662103
2023-04-30,optimized,GDX,0.008289878282578983
2023-05-31,optimized,GDX,0.006664187408821805
2023-06-30,optimized,GDX,0.004911862287661827
2023-07-31,optimized,GDX,0.005113637253760156
2023-08-31,optimized,GDX,0.004104971339556708
2023-09-30,optimized,GDX,0.003469596924937584
2023-10-31,optimized,GDX,0.004679002303768994
2023-11-30,optimized,GDX,0.005197433012684829
2023-12-31,optimized,GDX,0.00443808891631346
2024-01-31,optimized,GDX,0.0022172421890909177
2024-02-29,optimized,GDX,0.00011600975616601157
2024-03-31,optimized,GDX,0.003340087924419256
2024-04-30,optimized,GDX,0.005042036033082005
2024-05-31,optimized,GDX,0.005330342079280454
2024-06-30,optimized,GDX,0.0038986224937586317
2024-07-31,optimized,GDX,0.005942729475057711
2024-08-31,optimized,GDX,0.005842746354591845
2024-09-30,optimized,GDX,0.006037285921879335
2024-10-31,optimized,GDX,0.006462073287275251
2024-11-30,optimized,GDX,0.004025919343998967
2024-12-31,optimized,GDX,0.002770940941118628
2025-01-31,optimized,GDX,0.005129768514988593
2025-02-28,optimized,GDX,0.005752043520063594
2025-03-31,optimized,GDX,0.009869426164269165
2025-04-30,optimized,GDX,0.011314865582765603
2025-05-31,optimized,GDX,0.010747080184128607
2025-06-30,optimized,GDX,0.010292036277179274
2025-07-31,optimized,GDX,0.009691074640873891
2025-08-31,optimized,GDX,0.013609160031144565
2025-09-30,optimized,GDX,0.016967955852307773
2025-10-31,optimized,GDX,0.015409594816899125
2025-11-30,optimized,GDX,0.018367325666141146
2025-12-31,optimized,GDX,0.019086269494201925
2026-01-31,optimized,GDX,0.0207007610611329
2026-02-28,optimized,GDX,0.025306951623174225
2026-03-31,optimized,GDX,0.022245889387445282
2026-04-30,optimized,GDX,0.019483064720981734
2026-05-31,optimized,GDX,0.018728766425010084
2026-06-30,optimized,GDX,0.015895931679770766
2026-07-31,optimized,GDX,0.015543445856833166
2015-11-30,optimized,GLD,-0.021352683049888244
2015-12-31,optimized,GLD,-0.017521953814684778
2016-01-31,optimized,GLD,0.013646994999563442
2016-02-29,optimized,GLD,0.04668583197061655
2016-03-31,optimized,GLD,0.023977429784926747
2016-04-30,optimized,GLD,0.03812148426840501
2016-05-31,optimized,GLD,0.014603119617339472
2016-06-30,optimized,GLD,0.04046884823720283
2016-07-31,optimized,GLD,0.03548140236478934
2016-08-31,optimized,GLD,0.025353188348840608
2016-09-30,optimized,GLD,0.02740347428814615
2016-10-31,optimized,GLD,0.023769848247145123
2016-11-30,optimized,GLD,-0.012351451128309359
2016-12-31,optimized,GLD,-0.02417789734592162
2017-01-31,optimized,GLD,-0.013288670354868875
2017-02-28,optimized,GLD,-0.015521849476503506
2017-03-31,optimized,GLD,-0.01718013147076042
2017-04-30,optimized,GLD,-0.014977689840071633
2017-05-31,optimized,GLD,-0.0195841617401641
2017-06-30,optimized,GLD,-0.02796318287693557
2017-07-31,optimized,GLD,-0.027189958292570662
2017-08-31,optimized,GLD,-0.015469004942325273
2017-09-30,optimized,GLD,-0.031623606316266296
2017-10-31,optimized,GLD,-0.04093816214786104
2017-11-30,optimized,GLD,-0.04903891614077026
2017-12-31,optimized,GLD,-0.04636022885475167
2018-01-31,optimized,GLD,-0.0535631138330456
2018-02-28,optimized,GLD,-0.048883031041635654
2018-03-31,optimized,GLD,-0.038763845088731104
2018-04-30,optimized,GLD,-0.04317619408251224
2018-05-31,optimized,GLD,-0.05405664041629677
2018-06-30,optimized,GLD,-0.06662682002391207
2018-07-31,optimized,GLD,-0.08446636331026777
2018-08-31,optimized,GLD,-0.10045672141765219
2018-09-30,optimized,GLD,-0.10422254217815627
2018-10-31,optimized,GLD,-0.0771327028563038
2018-11-30,optimized,GLD,-0.08168137816216006
2018-12-31,optimized,GLD,-0.04044075795137258
2019-01-31,optimized,GLD,-0.055800657693536454
2019-02-28,optimized,GLD,-0.0673531234396583
2019-03-31,optimized,GLD,-0.077573972013539
2019-04-30,optimized,GLD,-0.09182134654029225
2019-05-31,optimized,GLD,-0.06741764569132352
2019-06-30,optimized,GLD,-0.0642850106669701
2019-07-31,optimized,GLD,-0.06879810793255633
2019-08-31,optimized,GLD,-0.04003823164360371
2019-09-30,optimized,GLD,-0.056059907148387225
2019-10-31,optimized,GLD,-0.055000637348412054
2019-11-30,optimized,GLD,-0.07548595064572342
2019-12-31,optimized,GLD,-0.07323493177018166
2020-01-31,optimized,GLD,-0.05961479122405899
2020-02-29,optimized,GLD,-0.03777357712317513
2020-03-31,optimized,GLD,-0.0009794779196823783
2020-04-30,optimized,GLD,-0.017291344480548716
2020-05-31,optimized,GLD,-0.023820436191245027
2020-06-30,optimized,GLD,-0.020927612498070132
2020-07-31,optimized,GLD,-0.006223902315194959
2020-08-31,optimized,GLD,-0.02813363595280713
2020-09-30,optimized,GLD,-0.029414753381527874
2020-10-31,optimized,GLD,-0.02349296437547969
2020-11-30,optimized,GLD,-0.07235191610787095
2020-12-31,optimized,GLD,-0.062424813391559274
2021-01-31,optimized,GLD,-0.06903915519224663
2021-02-28,optimized,GLD,-0.09615142990351702
2021-03-31,optimized,GLD,-0.113201113785444
2021-04-30,optimized,GLD,-0.11838412020168206
2021-05-31,optimized,GLD,-0.09731877924600739
2021-06-30,optimized,GLD,-0.1254899776058827
2021-07-31,optimized,GLD,-0.12522452042184087
2021-08-31,optimized,GLD,-0.13438216635317504
2021-09-30,optimized,GLD,-0.1300711000039652
2021-10-31,optimized,GLD,-0.1466809858080993
2021-11-30,optimized,GLD,-0.14634077060723408
2021-12-31,optimized,GLD,-0.15031779186080904
2022-01-31,optimized,GLD,-0.13953168061077156
2022-02-28,optimized,GLD,-0.11231138673044895
2022-03-31,optimized,GLD,-0.11977080723911435
2022-04-30,optimized,GLD,-0.09965102569445149
2022-05-31,optimized,GLD,-0.11011285644975552
2022-06-30,optimized,GLD,-0.09007262777736404
2022-07-31,optimized,GLD,-0.1254632805388048
2022-08-31,optimized,GLD,-0.12205268657159651
2022-09-30,optimized,GLD,-0.10298352448180739
2022-10-31,optimized,GLD,-0.13271945074576919
2022-11-30,optimized,GLD,-0.12392128010152936
2022-12-31,optimized,GLD,-0.09784090744351402
2023-01-31,optimized,GLD,-0.09942930096244568
2023-02-28,optimized,GLD,-0.10798931704022957
2023-03-31,optimized,GLD,-0.09536424121569055
2023-04-30,optimized,GLD,-0.0975696838011265
2023-05-31,optimized,GLD,-0.10298053402814752
2023-06-30,optimized,GLD,-0.12908453623877436
2023-07-31,optimized,GLD,-0.132038521710013
2023-08-31,optimized,GLD,-0.13099622883198506
2023-09-30,optimized,GLD,-0.13104764546415107
2023-10-31,optimized,GLD,-0.10241785622972542
2023-11-30,optimized,GLD,-0.1222268475631218
2023-12-31,optimized,GLD,-0.13207711160418106
2024-01-31,optimized,GLD,-0.14112348201122327
2024-02-29,optimized,GLD,-0.1554105063469152
2024-03-31,optimized,GLD,-0.13921610372819274
2024-04-30,optimized,GLD,-0.11815172317810546
2024-05-31,optimized,GLD,-0.1284689337980775
2024-06-30,optimized,GLD,-0.1394570238593047
2024-07-31,optimized,GLD,-0.12698816934876322
2024-08-31,optimized,GLD,-0.12772104093776507
2024-09-30,optimized,GLD,-0.11875592046421542
2024-10-31,optimized,GLD,-0.10318081260728801
2024-11-30,optimized,GLD,-0.13044324767435891
2024-12-31,optimized,GLD,-0.12745171161375077
2025-01-31,optimized,GLD,-0.11515185616576522
2025-02-28,optimized,GLD,-0.1058785011562951
2025-03-31,optimized,GLD,-0.060823011153413965
2025-04-30,optimized,GLD,-0.04194864945263742
2025-05-31,optimized,GLD,-0.06097003615442635
2025-06-30,optimized,GLD,-0.07517047633787334
2025-07-31,optimized,GLD,-0.08392030557482368
2025-08-31,optimized,GLD,-0.07511373349119453
2025-09-30,optimized,GLD,-0.05052461644090313
2025-10-31,optimized,GLD,-0.04699983328749277
2025-11-30,optimized,GLD,-0.03148138206029582
2025-12-31,optimized,GLD,-0.025200580944894163
2026-01-31,optimized,GLD,0.007197773094871421
2026-02-28,optimized,GLD,0.03595059437276023
2026-03-31,optimized,GLD,0.017610981292876565
2026-04-30,optimized,GLD,-0.01852729199911934
2026-05-31,optimized,GLD,-0.038946096007233325
2026-06-30,optimized,GLD,-0.07091297999016763
2026-07-31,optimized,GLD,-0.06844400118223187
2015-11-30,optimized,SLV,-0.0
2015-12-31,optimized,SLV,-0.0
2016-01-31,optimized,SLV,0.0
2016-02-29,optimized,SLV,0.0
2016-03-31,optimized,SLV,0.0
2016-04-30,optimized,SLV,0.0
2016-05-31,optimized,SLV,0.0
2016-06-30,optimized,SLV,0.0
2016-07-31,optimized,SLV,0.0
2016-08-31,optimized,SLV,0.0
2016-09-30,optimized,SLV,0.0
2016-10-31,optimized,SLV,0.0
2016-11-30,optimized,SLV,0.0
2016-12-31,optimized,SLV,0.0
2017-01-31,optimized,SLV,0.0
2017-02-28,optimized,SLV,0.0
2017-03-31,optimized,SLV,0.0
2017-04-30,optimized,SLV,0.0
2017-05-31,optimized,SLV,0.0
2017-06-30,optimized,SLV,0.0
2017-07-31,optimized,SLV,0.0
2017-08-31,optimized,SLV,0.0
2017-09-30,optimized,SLV,0.0
2017-10-31,optimized,SLV,0.0
2017-11-30,optimized,SLV,0.0
2017-12-31,optimized,SLV,0.0
2018-01-31,optimized,SLV,0.0
2018-02-28,optimized,SLV,0.0
2018-03-31,optimized,SLV,0.0
2018-04-30,optimized,SLV,0.0
2018-05-31,optimized,SLV,0.0
2018-06-30,optimized,SLV,0.0
2018-07-31,optimized,SLV,0.0
2018-08-31,optimized,SLV,0.0
2018-09-30,optimized,SLV,0.0
2018-10-31,optimized,SLV,0.0
2018-11-30,optimized,SLV,0.0
2018-12-31,optimized,SLV,0.0
2019-01-31,optimized,SLV,0.0
2019-02-28,optimized,SLV,0.0
2019-03-31,optimized,SLV,0.0
2019-04-30,optimized,SLV,0.0
2019-05-31,optimized,SLV,0.0
2019-06-30,optimized,SLV,0.0
2019-07-31,optimized,SLV,0.0
2019-08-31,optimized,SLV,0.0
2019-09-30,optimized,SLV,0.0
2019-10-31,optimized,SLV,0.0
2019-11-30,optimized,SLV,0.0
2019-12-31,optimized,SLV,0.0
2020-01-31,optimized,SLV,0.0
2020-02-29,optimized,SLV,0.0
2020-03-31,optimized,SLV,0.0
2020-04-30,optimized,SLV,0.0
2020-05-31,optimized,SLV,0.0
2020-06-30,optimized,SLV,0.0
2020-07-31,optimized,SLV,0.0
2020-08-31,optimized,SLV,0.0
2020-09-30,optimized,SLV,0.0
2020-10-31,optimized,SLV,0.0
2020-11-30,optimized,SLV,0.0
2020-12-31,optimized,SLV,0.0
2021-01-31,optimized,SLV,0.0
2021-02-28,optimized,SLV,0.0
2021-03-31,optimized,SLV,0.0
2021-04-30,optimized,SLV,0.0
2021-05-31,optimized,SLV,0.0
2021-06-30,optimized,SLV,0.0
2021-07-31,optimized,SLV,0.0
2021-08-31,optimized,SLV,0.0
2021-09-30,optimized,SLV,0.0
2021-10-31,optimized,SLV,0.0
2021-11-30,optimized,SLV,0.0
2021-12-31,optimized,SLV,0.0
2022-01-31,optimized,SLV,0.0
2022-02-28,optimized,SLV,0.0
2022-03-31,optimized,SLV,0.0
2022-04-30,optimized,SLV,0.0
2022-05-31,optimized,SLV,0.0
2022-06-30,optimized,SLV,0.0
2022-07-31,optimized,SLV,0.0
2022-08-31,optimized,SLV,0.0
2022-09-30,optimized,SLV,0.0
2022-10-31,optimized,SLV,0.0
2022-11-30,optimized,SLV,0.0
2022-12-31,optimized,SLV,0.0
2023-01-31,optimized,SLV,0.0
2023-02-28,optimized,SLV,0.0
2023-03-31,optimized,SLV,0.0
2023-04-30,optimized,SLV,0.0
2023-05-31,optimized,SLV,0.0
2023-06-30,optimized,SLV,0.0
2023-07-31,optimized,SLV,0.0
2023-08-31,optimized,SLV,0.0
2023-09-30,optimized,SLV,0.0
2023-10-31,optimized,SLV,0.0
2023-11-30,optimized,SLV,0.0
2023-12-31,optimized,SLV,0.0
2024-01-31,optimized,SLV,0.0
2024-02-29,optimized,SLV,0.0
2024-03-31,optimized,SLV,0.0
2024-04-30,optimized,SLV,0.0
2024-05-31,optimized,SLV,0.0
2024-06-30,optimized,SLV,0.0
2024-07-31,optimized,SLV,0.0
2024-08-31,optimized,SLV,0.0
2024-09-30,optimized,SLV,0.0
2024-10-31,optimized,SLV,0.0
2024-11-30,optimized,SLV,0.0
2024-12-31,optimized,SLV,0.0
2025-01-31,optimized,SLV,0.0
2025-02-28,optimized,SLV,0.0
2025-03-31,optimized,SLV,0.0
2025-04-30,optimized,SLV,0.0
2025-05-31,optimized,SLV,0.0
2025-06-30,optimized,SLV,0.0
2025-07-31,optimized,SLV,0.0
2025-08-31,optimized,SLV,0.0
2025-09-30,optimized,SLV,0.0
2025-10-31,optimized,SLV,0.0
2025-11-30,optimized,SLV,0.0
2025-12-31,optimized,SLV,0.0
2026-01-31,optimized,SLV,0.0
2026-02-28,optimized,SLV,0.0
2026-03-31,optimized,SLV,0.0
2026-04-30,optimized,SLV,0.0
2026-05-31,optimized,SLV,0.0
2026-06-30,optimized,SLV,0.0
2026-07-31,optimized,SLV,0.0
2015-11-30,optimized,AIA,-0.0
2015-12-31,optimized,AIA,-0.0
2016-01-31,optimized,AIA,-0.0
2016-02-29,optimized,AIA,0.0
2016-03-31,optimized,AIA,0.0
2016-04-30,optimized,AIA,0.0
2016-05-31,optimized,AIA,0.0
2016-06-30,optimized,AIA,0.0
2016-07-31,optimized,AIA,0.0
2016-08-31,optimized,AIA,0.0
2016-09-30,optimized,AIA,0.0
2016-10-31,optimized,AIA,0.0
2016-11-30,optimized,AIA,0.0
2016-12-31,optimized,AIA,0.0
2017-01-31,optimized,AIA,0.0
2017-02-28,optimized,AIA,0.0
2017-03-31,optimized,AIA,0.0
2017-04-30,optimized,AIA,0.0
2017-05-31,optimized,AIA,0.0
2017-06-30,optimized,AIA,0.0
2017-07-31,optimized,AIA,0.0
2017-08-31,optimized,AIA,0.0
2017-09-30,optimized,AIA,0.0
2017-10-31,optimized,AIA,0.0
2017-11-30,optimized,AIA,0.0
2017-12-31,optimized,AIA,0.0
2018-01-31,optimized,AIA,0.0
2018-02-28,optimized,AIA,0.0
2018-03-31,optimized,AIA,0.0
2018-04-30,optimized,AIA,0.0
2018-05-31,optimized,AIA,0.0
2018-06-30,optimized,AIA,0.0
2018-07-31,optimized,AIA,0.0
2018-08-31,optimized,AIA,0.0
2018-09-30,optimized,AIA,0.0
2018-10-31,optimized,AIA,0.0
2018-11-30,optimized,AIA,0.0
2018-12-31,optimized,AIA,0.0
2019-01-31,optimized,AIA,0.0
2019-02-28,optimized,AIA,0.0
2019-03-31,optimized,AIA,0.0
2019-04-30,optimized,AIA,0.0
2019-05-31,optimized,AIA,0.0
2019-06-30,optimized,AIA,0.0
2019-07-31,optimized,AIA,0.0
2019-08-31,optimized,AIA,0.0
2019-09-30,optimized,AIA,0.0
2019-10-31,optimized,AIA,0.0
2019-11-30,optimized,AIA,0.0
2019-12-31,optimized,AIA,0.0
2020-01-31,optimized,AIA,0.0
2020-02-29,optimized,AIA,0.0
2020-03-31,optimized,AIA,0.0
2020-04-30,optimized,AIA,0.0
2020-05-31,optimized,AIA,0.0
2020-06-30,optimized,AIA,0.0
2020-07-31,optimized,AIA,0.0
2020-08-31,optimized,AIA,0.0
2020-09-30,optimized,AIA,0.0
2020-10-31,optimized,AIA,0.0
2020-11-30,optimized,AIA,0.0
2020-12-31,optimized,AIA,0.0
2021-01-31,optimized,AIA,0.0
2021-02-28,optimized,AIA,0.0
2021-03-31,optimized,AIA,0.0
2021-04-30,optimized,AIA,0.0
2021-05-31,optimized,AIA,0.0
2021-06-30,optimized,AIA,0.0
2021-07-31,optimized,AIA,0.0
2021-08-31,optimized,AIA,0.0
2021-09-30,optimized,AIA,0.0
2021-10-31,optimized,AIA,0.0
2021-11-30,optimized,AIA,0.0
2021-12-31,optimized,AIA,0.0
2022-01-31,optimized,AIA,0.0
2022-02-28,optimized,AIA,0.0
2022-03-31,optimized,AIA,0.0
2022-04-30,optimized,AIA,0.0
2022-05-31,optimized,AIA,0.0
2022-06-30,optimized,AIA,0.0
2022-07-31,optimized,AIA,0.0
2022-08-31,optimized,AIA,0.0
2022-09-30,optimized,AIA,0.0
2022-10-31,optimized,AIA,0.0
2022-11-30,optimized,AIA,0.0
2022-12-31,optimized,AIA,0.0
2023-01-31,optimized,AIA,0.0
2023-02-28,optimized,AIA,0.0
2023-03-31,optimized,AIA,0.0
2023-04-30,optimized,AIA,0.0
2023-05-31,optimized,AIA,0.0
2023-06-30,optimized,AIA,0.0
2023-07-31,optimized,AIA,0.0
2023-08-31,optimized,AIA,0.0
2023-09-30,optimized,AIA,0.0
2023-10-31,optimized,AIA,0.0
2023-11-30,optimized,AIA,0.0
2023-12-31,optimized,AIA,0.0
2024-01-31,optimized,AIA,0.0
2024-02-29,optimized,AIA,0.0
2024-03-31,optimized,AIA,0.0
2024-04-30,optimized,AIA,0.0
2024-05-31,optimized,AIA,0.0
2024-06-30,optimized,AIA,0.0
2024-07-31,optimized,AIA,0.0
2024-08-31,optimized,AIA,0.0
2024-09-30,optimized,AIA,0.0
2024-10-31,optimized,AIA,0.0
2024-11-30,optimized,AIA,0.0
2024-12-31,optimized,AIA,0.0
2025-01-31,optimized,AIA,0.0
2025-02-28,optimized,AIA,0.0
2025-03-31,optimized,AIA,0.0
2025-04-30,optimized,AIA,0.0
2025-05-31,optimized,AIA,0.0
2025-06-30,optimized,AIA,0.0
2025-07-31,optimized,AIA,0.0
2025-08-31,optimized,AIA,0.0
2025-09-30,optimized,AIA,0.0
2025-10-31,optimized,AIA,0.0
2025-11-30,optimized,AIA,0.0
2025-12-31,optimized,AIA,0.0
2026-01-31,optimized,AIA,0.0
2026-02-28,optimized,AIA,0.0
2026-03-31,optimized,AIA,0.0
2026-04-30,optimized,AIA,0.0
2026-05-31,optimized,AIA,0.0
2026-06-30,optimized,AIA,0.0
2026-07-31,optimized,AIA,0.0
2015-11-30,optimized,XLE,-0.00014320104737386652
2015-12-31,optimized,XLE,-0.003453632982439516
2016-01-31,optimized,XLE,-0.002895909275637011
2016-02-29,optimized,XLE,-0.003919535441341417
2016-03-31,optimized,XLE,-0.002624070338228731
2016-04-30,optimized,XLE,0.0006417779244705154
2016-05-31,optimized,XLE,-0.00035054815537155027
2016-06-30,optimized,XLE,0.0005433339336951282
2016-07-31,optimized,XLE,-0.0013051326597503024
2016-08-31,optimized,XLE,-0.0007185497456420665
2016-09-30,optimized,XLE,0.0006684930058093201
2016-10-31,optimized,XLE,0.00025998046786502156
2016-11-30,optimized,XLE,0.0020615927451188933
2016-12-31,optimized,XLE,0.001949945116939728
2017-01-31,optimized,XLE,6.570104009039242e-05
2017-02-28,optimized,XLE,-0.0021996752207512483
2017-03-31,optimized,XLE,-0.0028064797063243985
2017-04-30,optimized,XLE,-0.004290431705128153
2017-05-31,optimized,XLE,-0.0061545680343928
2017-06-30,optimized,XLE,-0.006436744238606186
2017-07-31,optimized,XLE,-0.006224612146787111
2017-08-31,optimized,XLE,-0.008398211243365424
2017-09-30,optimized,XLE,-0.005321836365335954
2017-10-31,optimized,XLE,-0.006522936861650898
2017-11-30,optimized,XLE,-0.007014223108667965
2017-12-31,optimized,XLE,-0.00548621908582644
2018-01-31,optimized,XLE,-0.006259003818664878
2018-02-28,optimized,XLE,-0.00897062413965138
2018-03-31,optimized,XLE,-0.007289144601412664
2018-04-30,optimized,XLE,-0.003907677046337548
2018-05-31,optimized,XLE,-0.0036955075750836324
2018-06-30,optimized,XLE,-0.003697601930394049
2018-07-31,optimized,XLE,-0.0045077389039969796
2018-08-31,optimized,XLE,-0.007019021003117221
2018-09-30,optimized,XLE,-0.006321638322589155
2018-10-31,optimized,XLE,-0.00798569253095447
2018-11-30,optimized,XLE,-0.009273268420061964
2018-12-31,optimized,XLE,-0.010642197904512965
2019-01-31,optimized,XLE,-0.009434875013574458
2019-02-28,optimized,XLE,-0.009787751357029306
2019-03-31,optimized,XLE,-0.00966794899429887
2019-04-30,optimized,XLE,-0.011212415263706236
2019-05-31,optimized,XLE,-0.01299238906015844
2019-06-30,optimized,XLE,-0.012074652384169124
2019-07-31,optimized,XLE,-0.013241271567021104
2019-08-31,optimized,XLE,-0.015746503939994015
2019-09-30,optimized,XLE,-0.014997490215193756
2019-10-31,optimized,XLE,-0.016619062495024053
2019-11-30,optimized,XLE,-0.017378154692868967
2019-12-31,optimized,XLE,-0.016202698179027964
2020-01-31,optimized,XLE,-0.020328065190971613
2020-02-29,optimized,XLE,-0.023104712670926782
2020-03-31,optimized,XLE,-0.03134765349687034
2020-04-30,optimized,XLE,-0.02454292480365172
2020-05-31,optimized,XLE,-0.02558424136008261
2020-06-30,optimized,XLE,-0.02666489149361304
2020-07-31,optimized,XLE,-0.03069435557606058
2020-08-31,optimized,XLE,-0.03372064044624821
2020-09-30,optimized,XLE,-0.037812105670343515
2020-10-31,optimized,XLE,-0.03841985722236157
2020-11-30,optimized,XLE,-0.031972534946568675
2020-12-31,optimized,XLE,-0.031680505785617555
2021-01-31,optimized,XLE,-0.029885400466962614
2021-02-28,optimized,XLE,-0.022474014724574498
2021-03-31,optimized,XLE,-0.023064970562093858
2021-04-30,optimized,XLE,-0.024804584576599037
2021-05-31,optimized,XLE,-0.022901260220554966
2021-06-30,optimized,XLE,-0.02215123583746071
2021-07-31,optimized,XLE,-0.026203259617866778
2021-08-31,optimized,XLE,-0.02807924227138837
2021-09-30,optimized,XLE,-0.022959548466840805
2021-10-31,optimized,XLE,-0.02171204791706797
2021-11-30,optimized,XLE,-0.02329700787079703
2021-12-31,optimized,XLE,-0.023915270379264407
2022-01-31,optimized,XLE,-0.014856812078024717
2022-02-28,optimized,XLE,-0.011082271546834218
2022-03-31,optimized,XLE,-0.008980631104460835
2022-04-30,optimized,XLE,-0.006310313621952118
2022-05-31,optimized,XLE,-0.0003556288415734422
2022-06-30,optimized,XLE,-0.003680636480197179
2022-07-31,optimized,XLE,-0.0035095299832556943
2022-08-31,optimized,XLE,-0.000973586003988898
2022-09-30,optimized,XLE,-0.0010919176609384084
2022-10-31,optimized,XLE,0.005250312146589549
2022-11-30,optimized,XLE,0.003637660265761196
2022-12-31,optimized,XLE,0.004659885440926671
2023-01-31,optimized,XLE,0.0033504740931428615
2023-02-28,optimized,XLE,0.0016839104739416859
2023-03-31,optimized,XLE,0.00028931678904452304
2023-04-30,optimized,XLE,0.0007335129527261969
2023-05-31,optimized,XLE,-0.003218995607305245
2023-06-30,optimized,XLE,-0.003055742169505893
2023-07-31,optimized,XLE,-0.0013605509083815125
2023-08-31,optimized,XLE,-0.00012836696506071232
2023-09-30,optimized,XLE,0.002563586822304352
2023-10-31,optimized,XLE,0.0012143654564923227
2023-11-30,optimized,XLE,-0.0024959744285896687
2023-12-31,optimized,XLE,-0.004186593622022354
2024-01-31,optimized,XLE,-0.004979670314150536
2024-02-29,optimized,XLE,-0.0057125565064729805
2024-03-31,optimized,XLE,-0.0029944534123870752
2024-04-30,optimized,XLE,-0.0018308313288137254
2024-05-31,optimized,XLE,-0.0038648919403375765
2024-06-30,optimized,XLE,-0.005726452632719891
2024-07-31,optimized,XLE,-0.005331289676115315
2024-08-31,optimized,XLE,-0.006991311826604604
2024-09-30,optimized,XLE,-0.008919322695593503
2024-10-31,optimized,XLE,-0.008244288202381399
2024-11-30,optimized,XLE,-0.007539729868735813
2024-12-31,optimized,XLE,-0.010241771803460215
2025-01-31,optimized,XLE,-0.010382719548770288
2025-02-28,optimized,XLE,-0.008460448305780674
2025-03-31,optimized,XLE,-0.005045901925352871
2025-04-30,optimized,XLE,-0.009939070806399022
2025-05-31,optimized,XLE,-0.011824286633292574
2025-06-30,optimized,XLE,-0.011925739703313978
2025-07-31,optimized,XLE,-0.011727348845001389
2025-08-31,optimized,XLE,-0.011126777003859266
2025-09-30,optimized,XLE,-0.012588336835256383
2025-10-31,optimized,XLE,-0.013996367492883046
2025-11-30,optimized,XLE,-0.013078248318897761
2025-12-31,optimized,XLE,-0.013219787310276147
2026-01-31,optimized,XLE,-0.00843366020222526
2026-02-28,optimized,XLE,-0.004514861926641278
2026-03-31,optimized,XLE,0.0012116500014282532
2026-04-30,optimized,XLE,-0.003735280704334703
2026-05-31,optimized,XLE,-0.007839239034748785
2026-06-30,optimized,XLE,-0.009323169931741324
2026-07-31,optimized,XLE,-0.004768896340418469
