date,optimized,optimized,provided,provided,benchmark,benchmark
,36m,60m,36m,60m,36m,60m
2015-11-30,,,,,,
2015-12-31,,,,,,
2016-01-31,,,,,,
2016-02-29,,,,,,
2016-03-31,,,,,,
2016-04-30,,,,,,
2016-05-31,,,,,,
2016-06-30,,,,,,
2016-07-31,,,,,,
2016-08-31,,,,,,
2016-09-30,,,,,,
2016-10-31,,,,,,
2016-11-30,,,,,,
2016-12-31,,,,,,
2017-01-31,,,,,,
2017-02-28,,,,,,
2017-03-31,,,,,,
2017-04-30,,,,,,
2017-05-31,,,,,,
2017-06-30,,,,,,
2017-07-31,,,,,,
2017-08-31,,,,,,
2017-09-30,,,,,,
2017-10-31,,,,,,
2017-11-30,,,,,,
2017-12-31,,,,,,
2018-01-31,,,,,,
2018-02-28,,,,,,
2018-03-31,,,,,,
2018-04-30,,,,,,
2018-05-31,,,,,,
2018-06-30,,,,,,
2018-07-31,,,,,,
2018-08-31,,,,,,
2018-09-30,,,,,,
2018-10-31,0.10229692218927111,,0.10836974472461502,,0.11366921369882177,
2018-11-30,0.11075639451626018,,0.11716997313350697,,0.11915110285397779,
2018-12-31,0.10084495104946956,,0.11090753732056235,,0.09161555133553612,
2019-01-31,0.13323411287824305,,0.15894343653893817,,0.13923338349344005,
2019-02-28,0.12861502933816493,,0.15295903957747292,,0.15172972365857373,
2019-03-31,0.12022666030966245,,0.1345912948682768,,0.13376555689019387,
2019-04-30,0.11789664568266578,,0.12557568378769157,,0.14749344109478835,
2019-05-31,0.11205232257148379,,0.10298208248006113,,0.11626905290123202,
2019-06-30,0.12749521053940271,,0.11790546808791058,,0.14026363824169175,
2019-07-31,0.11482075621267995,,0.10185141306959777,,0.13237896951811012,
2019-08-31,0.12497561158689341,,0.10631670881596667,,0.12557438365361118,
2019-09-30,0.11805104317724657,,0.09568056734994768,,0.13280606832028163,
2019-10-31,0.13265943051172835,,0.1182844152228788,,0.14776371674428646,
2019-11-30,0.14569463031244534,,0.12684654377698812,,0.14752746353731006,
2019-12-31,0.15330002391121522,,0.1452982125118727,,0.15081117673282507,
2020-01-31,0.15164764539132647,,0.12201202636671948,,0.1438734102223953,
2020-02-29,0.11632297460781293,,0.0862458806792632,,0.09864986679822496,
2020-03-31,0.0923252286521552,,0.033241831725228765,,0.05043487215531295,
2020-04-30,0.1270343198743502,,0.08842817400900183,,0.08954489473330507,
2020-05-31,0.1408927410816978,,0.10260206980513242,,0.10142375925793923,
2020-06-30,0.15580311903469002,,0.12480345798597248,,0.10555240838583968,
2020-07-31,0.17609050465471499,,0.14461310705260644,,0.11922625599883419,
2020-08-31,0.19018911944321104,,0.16458218754463272,,0.14357121307497778,
2020-09-30,0.1750648343684742,,0.13447833833129064,,0.1216326055791912,
2020-10-31,0.14855250849051305,0.138990318149514,0.11528981445771391,0.1329943330815937,0.10363062705230197,0.11619115785539802
2020-11-30,0.16084423694459948,0.15392731983597518,0.1454103738505148,0.1584765907711223,0.13087135991922683,0.13865071656791939
2020-12-31,0.1730743156358867,0.1687662721115757,0.1603272459623799,0.1795120164547117,0.14007750381142836,0.15097151117131147
2021-01-31,0.14695773077469765,0.17083904313169485,0.14200887084679636,0.19335090951744527,0.11561520448913365,0.16040788828576225
2021-02-28,0.1464254002830907,0.15857332734542862,0.1692135800322352,0.1914936250849717,0.13984679277691114,0.1669832727579279
2021-03-31,0.15875909358753892,0.15171234889896956,0.17614578879383913,0.17647161962459967,0.16760879308876864,0.16216165460268273
2021-04-30,0.17376333542758626,0.15802139875309895,0.18567166067835572,0.17574687663075128,0.18580958378711143,0.17328408819884222
2021-05-31,0.17195457157334348,0.16575976749706434,0.18339418977771804,0.18309046444395127,0.1789228439116639,0.1708639927239617
2021-06-30,0.1835758881983256,0.16500547356747863,0.19274339012486075,0.17795195378349793,0.18540301209488863,0.17525349876702156
2021-07-31,0.18615161213946219,0.15982273220488818,0.18409289076993307,0.16198592813871748,0.18056964046056656,0.17250597424670855
2021-08-31,0.18810967169239778,0.16824911469804937,0.18513744607069538,0.1663974868962026,0.17974529636281833,0.17912081887672837
2021-09-30,0.1700903328275516,0.15596213743513276,0.16781429709456197,0.1508141600224635,0.15883339869053503,0.16790579446691778
2021-10-31,0.21632278806256378,0.17443466954109654,0.22894055264392188,0.17407077721027941,0.21395891965728087,0.1880013277134116
2021-11-30,0.20881193577298274,0.1779492333606203,0.22103646807755828,0.17349743829696385,0.2033043560879806,0.17753544370471364
2021-12-31,0.23722408519873306,0.18111891494761911,0.2475887366395979,0.1768086763225749,0.25968832040632805,0.18347130614728924
2022-01-31,0.19004211347404154,0.16266270556282691,0.20476736234622828,0.1599793467182904,0.20578326011698045,0.16657019987254085
2022-02-28,0.18353738245600026,0.15602961763538503,0.20039799149896487,0.15588560863363377,0.18117335458694872,0.15069698385150354
2022-03-31,0.1905440493211914,0.16523542954318393,0.20830612153995398,0.16335736022724157,0.18866295400138489,0.15893115640455524
2022-04-30,0.15515646139255512,0.1426495612510057,0.16256838125234108,0.14021129926024445,0.13753290607861168,0.13558775716345295
2022-05-31,0.1647245706920768,0.13866495041957938,0.19206918968357223,0.1370219711439178,0.16366973090895054,0.13292010233626517
2022-06-30,0.11294105834605306,0.12400683857304906,0.12228747411568985,0.11716378000328209,0.1056880900966175,0.11217288082280552
2022-07-31,0.13004880433763155,0.13023384271926663,0.14018175110137499,0.12311664287499968,0.13295535371547018,0.1273442450420159
2022-08-31,0.11095765212065967,0.1178784704863558,0.12465744196669548,0.10974393149662687,0.12363837640355912,0.1173394935484604
2022-09-30,0.0891646897580447,0.10372727247628721,0.09468787083835983,0.09059881747723342,0.08092202282047323,0.09150791456266338
2022-10-31,0.10807572869741011,0.11007252201481732,0.10287361112238358,0.09568763006374548,0.10139057449299949,0.10354786212893119
2022-11-30,0.12537874421438855,0.11832086743042836,0.13535028297677965,0.11458394318730902,0.10821915966807771,0.10885609063327162
2022-12-31,0.10411093170491736,0.10930696470911294,0.10176856383423649,0.10152676385945103,0.07618478772326798,0.09313188179596765
2023-01-31,0.10892823885474923,0.10519912348118932,0.13380104271302495,0.10429000186006965,0.09843508007151591,0.09447965105931977
2023-02-28,0.11531920039736443,0.09967690287578557,0.14020630430432535,0.1019456185078138,0.11950905630678199,0.09701600620730466
2023-03-31,0.16261439788023835,0.11671309588070322,0.2270996493023194,0.12212448579596957,0.1846971822547374,0.11119254193926831
2023-04-30,0.12574606651233355,0.11884701669680275,0.16664841448394774,0.1204675345245052,0.1444474194652856,0.1135716960375075
2023-05-31,0.10085922195108821,0.10952345417625264,0.14163260795610633,0.11270464807624547,0.1285595955968606,0.10925662926287938
2023-06-30,0.10122161687804354,0.11899468150051273,0.13868904682357241,0.12273788312359812,0.1456949384902715,0.12198617057677308
2023-07-31,0.08193693590891216,0.12173729793157007,0.1247236001322547,0.13158378991404995,0.1361817020067997,0.1210513679872145
2023-08-31,0.06246163273248406,0.11749547264022397,0.09153543618735016,0.12630628514815978,0.10486358158763487,0.11038370016575705
2023-09-30,0.06591009466355202,0.10950382813268167,0.10334791335516913,0.11594765529731421,0.1010276480260417,0.09834093320931436
2023-10-31,0.07910227943579784,0.12454914966031505,0.10502189850298294,0.13093975582467166,0.10224017917860229,0.10930403355371276
2023-11-30,0.08753396913094602,0.13939120021282259,0.1002389147141971,0.14791018908963816,0.09643282261615704,0.12472540347885053
2023-12-31,0.08638526077833619,0.15953081938549452,0.0883947802752143,0.16511150790024276,0.09945780120122549,0.1559256072187385
2024-01-31,0.09694513548418104,0.1481968642861078,0.07873848964118624,0.1430902728317205,0.10904393954360758,0.14185853510262847
2024-02-29,0.12609091851496013,0.1570179642765901,0.08461257580925263,0.14859832140049356,0.11774504951036957,0.14619877229624567
2024-03-31,0.14255245489109636,0.16542993628439606,0.1052359114614061,0.15811258042363008,0.11320127670229274,0.1494677836818068
2024-04-30,0.11618847439205116,0.15695938437333234,0.08589025665063832,0.15069592243582175,0.0793245871193562,0.13095232064287
2024-05-31,0.12648018622225288,0.1748111627447535,0.0984012962410914,0.18013992070886187,0.09483251240694912,0.15732072698028698
2024-06-30,0.13475290007926177,0.16949918417987986,0.10254162939961753,0.16821163245368864,0.0994010148191613,0.14979937345855499
2024-07-31,0.1302015847357667,0.16939743283071618,0.10865673745240301,0.16628666295417505,0.09498193677085198,0.14911676328621204
2024-08-31,0.12940097269322814,0.17100430200890493,0.11015121531014893,0.16882145644435465,0.09271070980891771,0.15834227544721902
2024-09-30,0.1556140639705439,0.1791099978975752,0.13623129344736618,0.1761829218383908,0.11795307387113718,0.15869362546879184
2024-10-31,0.13867841042309936,0.17817528434798002,0.1108493038917977,0.16938091976396796,0.08970578098667903,0.15157170117489405
2024-11-30,0.1552876484207948,0.18385721524787924,0.12398199193254111,0.1717066414716193,0.11394131286290299,0.15673405551588404
2024-12-31,0.13969219585645498,0.17273743518582463,0.10658587097422578,0.1527782780236997,0.08840819325675398,0.14453840880648494
2025-01-31,0.1768553995492601,0.17786584915695292,0.1307440753521194,0.16538746399344273,0.11807824713655024,0.15071405628186385
2025-02-28,0.17494640918900295,0.1920813078622403,0.13068229437898182,0.18402896303080163,0.12450144121506401,0.16686711376662156
2025-03-31,0.15612531778772198,0.20560613570587516,0.11226418273169925,0.21595282146591233,0.08972884601358566,0.18475139358082737
2025-04-30,0.19606132915983343,0.1841394280194668,0.1423779537679395,0.17379258968520195,0.12035643991338074,0.15474835595784509
2025-05-31,0.22410624944049906,0.18779237123289483,0.16374220490085678,0.17444219420187324,0.14249188514377065,0.1580798175117264
2025-06-30,0.27257084135075726,0.1908246530012232,0.22907672964867776,0.17819793936335349,0.1955440990633306,0.1656389745800435
2025-07-31,0.25644271341329405,0.17595167845667858,0.21281850135378888,0.16280561994843823,0.16979426167326594,0.157634630813553
2025-08-31,0.281536396959418,0.16859378890396792,0.24850229437027305,0.15705578954963473,0.19420936850172543,0.14676784064540693
2025-09-30,0.3396302468742929,0.19403111179485877,0.3172294854275457,0.19284541027013002,0.24792878428410736,0.1636714921685034
2025-10-31,0.3190852032029312,0.20621451140700775,0.3034328359813505,0.2031154712717882,0.22542865313964366,0.17508625342361195
2025-11-30,0.30036467885918317,0.1971295680538676,0.27062901538995976,0.186171202173268,0.20430945778742893,0.1515163831088422
2025-12-31,0.31330650003911886,0.18706931887138434,0.3003756121021042,0.17947312359088796,0.22870056295385166,0.14335098320493134
2026-01-31,0.3160846075891379,0.20027944807687081,0.29763110195771647,0.1922633703843124,0.209859479580913,0.14905282731903635
2026-02-28,0.3470055032887711,0.211376782447676,0.3460945941889775,0.1991380945359682,0.21664742684421046,0.14078531104467973
2026-03-31,0.29186504087025145,0.19199930877382765,0.28208438419433945,0.18171925153779145,0.18185271950477144,0.11930622482224029
2026-04-30,0.32976702923427115,0.20583454356851605,0.3186314029366397,0.19424838340984296,0.21543017343716242,0.1301789610731836
2026-05-31,0.36704319510831707,0.21691253082002304,0.35183261472355487,0.2051913188239185,0.2344910352424725,0.14033792269331213
2026-06-30,0.3475175191465598,0.2095700060179868,0.3164194110411309,0.19120561569020733,0.20476105483392226,0.13294399038896265
2026-07-31,0.3112845448131496,0.19131114274290706,0.280895015035735,0.18621489922438728,0.19203386585984972,0.12757049422057132
